"","Phage","Host","Family"
"1","busby_phage_396","",""
"2","deboutte_phage_125","",""
"3","deboutte_phage_154","",""
"4","deboutte_phage_86","",""
"5","rosso_phage_29","",""
"6","total_phage_2","",""
"7","virome_phage_39","",""
"8","busby_phage_422","",""
"9","busby_phage_423","",""
"10","busby_phage_464","",""
"11","virome_phage_2366","Gilliamella",""
"12","virome_phage_2380","Gilliamella",""
"13","virome_phage_2914","Serratia",""
"14","virome_phage_902","Gilliamella",""
"15","busby_phage_424","",""
"16","busby_phage_356","",""
"17","busby_phage_374","",""
"18","busby_phage_425","",""
"19","deboutte_phage_398","",""
"20","rosso_phage_180","",""
"21","rosso_phage_9","",""
"22","total_phage_500","","Herelleviridae"
"23","virome_phage_10","Lactobacillus","Herelleviridae"
"24","virome_phage_2238","","Herelleviridae"
"25","virome_phage_2254","","Herelleviridae"
"26","virome_phage_739","Lactobacillus","Herelleviridae"
"27","busby_phage_353","",""
"28","busby_phage_426","",""
"29","total_phage_106","",""
"30","deboutte_phage_519","",""
"31","deboutte_phage_467","",""
"32","busby_phage_212","",""
"33","busby_phage_186","",""
"34","busby_phage_242","",""
"35","busby_phage_257","",""
"36","busby_phage_299","",""
"37","busby_phage_347","",""
"38","busby_phage_468","Lactobacillus",""
"39","busby_phage_469","",""
"40","deboutte_phage_133","",""
"41","deboutte_phage_480","",""
"42","rosso_phage_182","",""
"43","total_phage_188","Lactobacillus",""
"44","total_phage_415","Lactobacillus",""
"45","total_phage_416","Lactobacillus",""
"46","total_phage_692","Lactobacillus",""
"47","total_phage_737","Lactobacillus",""
"48","total_phage_800","Lactobacillus",""
"49","busby_phage_428","",""
"50","total_phage_664","Schmidhempelia",""
"51","deboutte_phage_421","",""
"52","rosso_phage_24","",""
"53","total_phage_242","",""
"54","total_phage_733","",""
"55","total_phage_794","",""
"56","busby_phage_28","",""
"57","busby_phage_285","Bifidobacterium",""
"58","busby_phage_403","",""
"59","deboutte_phage_136","Bifidobacterium",""
"60","deboutte_phage_151","Bifidobacterium",""
"61","deboutte_phage_505","Bifidobacterium",""
"62","rosso_phage_58","Bifidobacterium",""
"63","rosso_phage_60","Bifidobacterium",""
"64","rosso_phage_69","Bifidobacterium",""
"65","virome_phage_110","Bifidobacterium",""
"66","virome_phage_23","Bifidobacterium",""
"67","virome_phage_2328","Bifidobacterium",""
"68","virome_phage_2330","Bifidobacterium",""
"69","busby_phage_429","",""
"70","deboutte_phage_397","Lactobacillus","Rountreeviridae"
"71","deboutte_phage_74","",""
"72","deboutte_phage_98","",""
"73","rosso_phage_197","",""
"74","rosso_phage_41","Lactobacillus","Rountreeviridae"
"75","rosso_phage_42","Lactobacillus","Rountreeviridae"
"76","rosso_phage_43","Lactobacillus","Rountreeviridae"
"77","rosso_phage_44","Lactobacillus","Rountreeviridae"
"78","rosso_phage_45","Lactobacillus","Rountreeviridae"
"79","rosso_phage_47","Lactobacillus","Rountreeviridae"
"80","rosso_phage_48","Lactobacillus","Rountreeviridae"
"81","rosso_phage_50","Lactobacillus","Rountreeviridae"
"82","total_phage_18","Lactobacillus","Rountreeviridae"
"83","total_phage_254","Lactobacillus","Rountreeviridae"
"84","virome_phage_1004","Lactobacillus","Rountreeviridae"
"85","virome_phage_1006","Lactobacillus","Rountreeviridae"
"86","virome_phage_1033","Lactobacillus","Rountreeviridae"
"87","virome_phage_181","Lactobacillus","Rountreeviridae"
"88","virome_phage_183","Lactobacillus","Rountreeviridae"
"89","virome_phage_189","Lactobacillus","Rountreeviridae"
"90","virome_phage_191","Lactobacillus","Rountreeviridae"
"91","virome_phage_2260","Lactobacillus","Rountreeviridae"
"92","virome_phage_2522","Lactobacillus","Rountreeviridae"
"93","virome_phage_993","Lactobacillus","Rountreeviridae"
"94","deboutte_phage_413","",""
"95","deboutte_phage_71","",""
"96","busby_phage_163","",""
"97","busby_phage_89","",""
"98","deboutte_phage_402","",""
"100","deboutte_phage_92","",""
"101","rosso_phage_22","",""
"103","rosso_phage_25","",""
"104","total_phage_1","",""
"105","total_phage_113","",""
"107","total_phage_795","",""
"108","virome_phage_798","",""
"109","rosso_phage_173","",""
"110","rosso_phage_59","",""
"111","rosso_phage_63","Bifidobacterium",""
"112","rosso_phage_71","Bifidobacterium",""
"113","virome_phage_193","Bifidobacterium",""
"117","busby_phage_443","",""
"119","deboutte_phage_137","Bifidobacterium",""
"121","deboutte_phage_469","Bifidobacterium",""
"123","rosso_phage_193","",""
"124","rosso_phage_5","Bifidobacterium",""
"127","rosso_phage_6","Bifidobacterium",""
"129","rosso_phage_61","Bifidobacterium",""
"130","rosso_phage_62","",""
"132","rosso_phage_64","Bifidobacterium",""
"133","rosso_phage_65","Bifidobacterium",""
"134","rosso_phage_66","",""
"135","rosso_phage_67","",""
"136","rosso_phage_68","Bifidobacterium",""
"138","rosso_phage_70","",""
"139","virome_phage_104","Bifidobacterium",""
"141","virome_phage_196","Bifidobacterium",""
"145","virome_phage_862","Bifidobacterium",""
"146","virome_phage_900","Bifidobacterium",""
"147","virome_phage_97","Bifidobacterium",""
"148","busby_phage_230","",""
"152","deboutte_phage_434","",""
"155","rosso_phage_75","",""
"156","total_phage_233","Gilliamella",""
"157","total_phage_362","",""
"158","virome_phage_127","Gilliamella",""
"159","virome_phage_2288","Gilliamella",""
"162","virome_phage_858","Gilliamella",""
"163","busby_phage_150","",""
"164","busby_phage_243","",""
"165","busby_phage_246","",""
"166","busby_phage_249","",""
"167","busby_phage_250","",""
"168","busby_phage_418","",""
"169","busby_phage_461","Lactobacillus",""
"171","busby_phage_84","",""
"172","deboutte_phage_532","",""
"174","total_phage_734","Lactobacillus",""
"175","total_phage_735","Lactobacillus",""
"176","virome_phage_2298","Lactobacillus",""
"177","virome_phage_778","Lactobacillus",""
"178","virome_phage_828","Lactobacillus",""
"179","virome_phage_839","Lactobacillus",""
"180","virome_phage_850","Lactobacillus",""
"181","busby_phage_151","",""
"182","busby_phage_152","",""
"184","deboutte_phage_162","",""
"185","deboutte_phage_429","Lactobacillus",""
"186","rosso_phage_14","",""
"187","rosso_phage_21","",""
"188","total_phage_114","Lactobacillus",""
"189","total_phage_117","Lactobacillus",""
"190","total_phage_245","Lactobacillus",""
"191","total_phage_248","Lactobacillus",""
"192","total_phage_293","Lactobacillus",""
"193","total_phage_360","Lactobacillus",""
"194","total_phage_371","Lactobacillus",""
"195","total_phage_4","Lactobacillus",""
"196","total_phage_524","Lactobacillus",""
"197","total_phage_738","Lactobacillus",""
"198","total_phage_797","Lactobacillus",""
"199","virome_phage_882","Lactobacillus",""
"206","rosso_phage_74","",""
"210","busby_phage_148","",""
"216","busby_phage_149","",""
"218","busby_phage_218","",""
"219","busby_phage_219","",""
"220","busby_phage_220","",""
"221","busby_phage_241","",""
"224","busby_phage_244","",""
"225","busby_phage_245","",""
"226","busby_phage_445","",""
"229","deboutte_phage_150","Lactobacillus",""
"232","deboutte_phage_430","Lactobacillus",""
"233","deboutte_phage_455","",""
"235","deboutte_phage_489","",""
"236","deboutte_phage_491","",""
"237","deboutte_phage_523","",""
"238","deboutte_phage_525","",""
"241","rosso_phage_15","",""
"242","rosso_phage_36","Lactobacillus",""
"243","total_phage_11","Lactobacillus",""
"250","total_phage_305","Lactobacillus",""
"252","total_phage_368","Lactobacillus",""
"256","total_phage_479","Lactobacillus",""
"258","total_phage_525","Lactobacillus",""
"259","total_phage_604","Lactobacillus",""
"260","total_phage_653","Lactobacillus",""
"261","total_phage_658","Lactobacillus",""
"265","total_phage_739","Lactobacillus",""
"266","total_phage_796","Lactobacillus",""
"268","total_phage_798","Lactobacillus",""
"270","virome_phage_2327","Lactobacillus",""
"271","virome_phage_2360","Lactobacillus",""
"272","virome_phage_800","Lactobacillus",""
"273","virome_phage_807","Lactobacillus",""
"275","virome_phage_88","Lactobacillus",""
"277","virome_phage_935","Lactobacillus",""
"286","deboutte_phage_153","",""
"289","virome_phage_2324","",""
"290","busby_phage_155","",""
"292","busby_phage_251","",""
"293","busby_phage_296","",""
"294","busby_phage_297","",""
"295","busby_phage_323","",""
"296","busby_phage_476","Gilliamella",""
"297","deboutte_phage_139","",""
"298","deboutte_phage_390","Gilliamella",""
"301","total_phage_294","Gilliamella",""
"302","total_phage_417","Gilliamella",""
"303","total_phage_793","Gilliamella",""
"305","virome_phage_792","Gilliamella",""
"307","busby_phage_154","",""
"308","busby_phage_156","",""
"309","busby_phage_158","",""
"310","busby_phage_181","",""
"311","busby_phage_182","Gilliamella",""
"312","busby_phage_183","",""
"313","busby_phage_210","",""
"315","busby_phage_252","",""
"316","busby_phage_303","",""
"317","busby_phage_305","",""
"318","busby_phage_409","",""
"319","busby_phage_43","",""
"320","busby_phage_470","Gilliamella",""
"321","busby_phage_473","",""
"323","deboutte_phage_138","",""
"324","deboutte_phage_143","",""
"325","deboutte_phage_144","",""
"326","deboutte_phage_181","",""
"327","deboutte_phage_185","",""
"328","deboutte_phage_239","",""
"329","deboutte_phage_240","",""
"330","deboutte_phage_344","",""
"331","deboutte_phage_382","",""
"333","deboutte_phage_418","",""
"334","deboutte_phage_439","",""
"335","deboutte_phage_487","",""
"336","deboutte_phage_90","",""
"337","rosso_phage_150","",""
"338","rosso_phage_161","",""
"339","rosso_phage_165","",""
"340","rosso_phage_38","",""
"341","rosso_phage_39","",""
"342","total_phage_175","Gilliamella",""
"344","total_phage_244","",""
"346","total_phage_307","Gilliamella",""
"347","total_phage_361","",""
"350","total_phage_791","Gilliamella",""
"352","total_phage_804","Gilliamella",""
"355","virome_phage_2297","Gilliamella",""
"356","virome_phage_2303","Gilliamella",""
"357","virome_phage_2353","Gilliamella",""
"358","virome_phage_36","Serratia",""
"359","virome_phage_776","Gilliamella",""
"364","busby_phage_211","",""
"379","busby_phage_160","",""
"380","busby_phage_161","",""
"381","busby_phage_162","",""
"382","busby_phage_453","",""
"383","deboutte_phage_0","",""
"384","deboutte_phage_110","",""
"385","deboutte_phage_149","",""
"386","deboutte_phage_152","",""
"388","deboutte_phage_161","",""
"389","deboutte_phage_370","",""
"390","deboutte_phage_463","",""
"391","deboutte_phage_482","",""
"393","total_phage_925","",""
"394","virome_phage_2286","",""
"395","virome_phage_83","",""
"396","busby_phage_159","",""
"398","busby_phage_189","",""
"400","busby_phage_97","",""
"408","total_phage_105","",""
"409","total_phage_437","",""
"410","total_phage_786","",""
"412","total_phage_930","",""
"413","total_phage_98","",""
"417","busby_phage_185","",""
"420","busby_phage_254","",""
"421","busby_phage_372","",""
"422","busby_phage_388","",""
"433","deboutte_phage_458","",""
"437","deboutte_phage_51","Lactobacillus",""
"441","deboutte_phage_63","",""
"443","rosso_phage_157","",""
"444","rosso_phage_178","",""
"447","total_phage_122","Lactobacillus",""
"448","total_phage_123","Lactobacillus",""
"462","virome_phage_815","Lactobacillus",""
"472","busby_phage_53","",""
"478","deboutte_phage_24","",""
"481","deboutte_phage_478","",""
"485","total_phage_782","",""
"489","total_phage_99","",""
"492","busby_phage_143","",""
"493","busby_phage_278","",""
"494","busby_phage_279","",""
"495","busby_phage_408","",""
"496","busby_phage_41","",""
"499","deboutte_phage_8","",""
"503","rosso_phage_23","",""
"512","total_phage_929","",""
"513","virome_phage_2304","Bombilactobacillus",""
"515","deboutte_phage_37","",""
"516","rosso_phage_100","",""
"517","rosso_phage_154","Bifidobacterium",""
"518","rosso_phage_99","",""
"519","virome_phage_21","Bifidobacterium",""
"520","virome_phage_2278","",""
"521","virome_phage_740","Bifidobacterium",""
"522","virome_phage_755","",""
"523","busby_phage_169","",""
"525","deboutte_phage_193","",""
"526","total_phage_370","",""
"527","total_phage_520","",""
"528","total_phage_600","",""
"529","total_phage_655","",""
"530","total_phage_696","",""
"531","total_phage_8","",""
"532","busby_phage_167","",""
"533","busby_phage_168","",""
"534","busby_phage_359","",""
"535","busby_phage_360","",""
"536","busby_phage_387","",""
"537","deboutte_phage_77","",""
"538","deboutte_phage_83","",""
"544","virome_phage_70","",""
"545","deboutte_phage_177","",""
"546","rosso_phage_155","",""
"547","virome_phage_11","",""
"548","virome_phage_2285","",""
"549","busby_phage_193","",""
"550","busby_phage_466","",""
"551","deboutte_phage_126","",""
"552","deboutte_phage_16","",""
"553","deboutte_phage_419","Acinetobacter",""
"554","total_phage_187","Acinetobacter",""
"555","total_phage_299","Acinetobacter",""
"556","total_phage_358","",""
"557","total_phage_418","",""
"558","total_phage_637","",""
"559","total_phage_663","",""
"560","total_phage_788","",""
"561","virome_phage_2308","Acinetobacter",""
"562","virome_phage_750","",""
"563","busby_phage_192","",""
"567","busby_phage_450","",""
"568","total_phage_806","Gilliamella",""
"569","total_phage_9","Gilliamella",""
"576","deboutte_phage_464","",""
"577","rosso_phage_147","Gilliamella",""
"578","total_phage_102","",""
"582","total_phage_363","Gilliamella",""
"584","total_phage_446","Gilliamella",""
"592","busby_phage_310","",""
"593","busby_phage_383","",""
"594","busby_phage_435","",""
"595","busby_phage_436","",""
"596","busby_phage_441","",""
"597","deboutte_phage_123","",""
"603","rosso_phage_28","",""
"609","virome_phage_767","",""
"611","busby_phage_306","",""
"612","busby_phage_361","",""
"614","rosso_phage_167","",""
"615","total_phage_5","",""
"617","busby_phage_179","",""
"618","total_phage_730","Lactobacillus","Herelleviridae"
"620","virome_phage_4","Lactobacillus","Herelleviridae"
"621","virome_phage_738","Lactobacillus","Herelleviridae"
"622","busby_phage_178","",""
"623","busby_phage_315","",""
"624","busby_phage_362","",""
"625","busby_phage_371","",""
"626","busby_phage_394","",""
"627","deboutte_phage_471","",""
"628","deboutte_phage_515","Lactobacillus","Herelleviridae"
"629","rosso_phage_101","",""
"630","rosso_phage_102","",""
"631","total_phage_413","Lactobacillus","Herelleviridae"
"639","busby_phage_399","",""
"673","busby_phage_231","",""
"674","busby_phage_235","",""
"697","virome_phage_899","Pseudomonas",""
"716","busby_phage_351","",""
"717","total_phage_308","Gilliamella",""
"720","busby_phage_363","",""
"734","rosso_phage_156","","Autographiviridae"
"744","busby_phage_13","",""
"746","busby_phage_187","",""
"747","busby_phage_213","",""
"755","busby_phage_277","",""
"756","busby_phage_289","",""
"757","busby_phage_290","",""
"758","busby_phage_291","",""
"764","deboutte_phage_28","",""
"765","deboutte_phage_368","",""
"768","deboutte_phage_483","",""
"770","deboutte_phage_50","",""
"771","deboutte_phage_67","",""
"777","total_phage_121","Lactobacillus",""
"793","virome_phage_2239","Lactobacillus",""
"819","deboutte_phage_260","",""
"822","deboutte_phage_49","",""
"825","rosso_phage_16","Lactobacillus",""
"834","total_phage_414","Lactobacillus",""
"835","total_phage_453","Lactobacillus",""
"844","virome_phage_2310","Lactobacillus",""
"846","virome_phage_2335","Lactobacillus",""
"864","busby_phage_400","",""
"865","busby_phage_191","",""
"866","busby_phage_308","",""
"867","busby_phage_333","",""
"868","busby_phage_451","",""
"869","deboutte_phage_19","",""
"870","deboutte_phage_371","",""
"871","deboutte_phage_38","",""
"873","rosso_phage_18","",""
"874","rosso_phage_19","",""
"875","rosso_phage_20","",""
"879","total_phage_731","","Herelleviridae"
"886","busby_phage_190","",""
"887","busby_phage_205","",""
"888","busby_phage_302","",""
"890","busby_phage_309","",""
"892","busby_phage_344","",""
"898","rosso_phage_189","",""
"911","busby_phage_172","",""
"913","busby_phage_171","",""
"916","deboutte_phage_393","",""
"918","total_phage_179","",""
"922","total_phage_445","",""
"926","virome_phage_2275","",""
"929","virome_phage_885","",""
"930","busby_phage_263","",""
"931","rosso_phage_0","Bifidobacterium",""
"932","rosso_phage_1","Bifidobacterium",""
"933","rosso_phage_121","Bifidobacterium",""
"934","rosso_phage_122","Bifidobacterium",""
"935","rosso_phage_124","Bifidobacterium",""
"936","rosso_phage_130","Bifidobacterium",""
"937","rosso_phage_132","Bifidobacterium",""
"938","rosso_phage_133","Bifidobacterium",""
"939","rosso_phage_135","Bifidobacterium",""
"940","rosso_phage_138","Bifidobacterium",""
"941","rosso_phage_141","Bifidobacterium",""
"942","rosso_phage_2","Bifidobacterium",""
"943","rosso_phage_7","Bifidobacterium",""
"944","virome_phage_2401","Bifidobacterium",""
"945","virome_phage_960","Bifidobacterium",""
"946","busby_phage_256","",""
"947","busby_phage_280","",""
"948","busby_phage_304","",""
"949","busby_phage_312","",""
"950","busby_phage_459","",""
"951","busby_phage_460","",""
"953","busby_phage_462","",""
"954","busby_phage_463","",""
"955","deboutte_phage_130","Lactobacillus",""
"956","deboutte_phage_287","",""
"958","deboutte_phage_476","",""
"959","deboutte_phage_485","Lactobacillus",""
"960","deboutte_phage_518","Lactobacillus",""
"961","deboutte_phage_60","Lactobacillus",""
"963","rosso_phage_17","",""
"967","total_phage_12","Lactobacillus",""
"973","total_phage_249","Lactobacillus",""
"990","deboutte_phage_147","",""
"993","virome_phage_79","Gilliamella",""
"994","busby_phage_201","",""
"995","deboutte_phage_312","",""
"996","deboutte_phage_501","",""
"997","rosso_phage_103","",""
"998","total_phage_247","",""
"999","total_phage_799","Lactobacillus",""
"1000","virome_phage_91","Lactobacillus",""
"1004","busby_phage_202","",""
"1005","busby_phage_216","",""
"1006","busby_phage_248","",""
"1008","deboutte_phage_233","",""
"1009","deboutte_phage_237","",""
"1010","deboutte_phage_262","",""
"1011","deboutte_phage_423","",""
"1012","deboutte_phage_504","",""
"1013","deboutte_phage_516","Lactobacillus",""
"1015","rosso_phage_104","",""
"1016","rosso_phage_106","",""
"1017","total_phage_111","Lactobacillus",""
"1025","virome_phage_144","Lactobacillus",""
"1029","virome_phage_785","Lactobacillus",""
"1034","busby_phage_199","",""
"1035","busby_phage_200","",""
"1040","busby_phage_354","",""
"1041","busby_phage_456","",""
"1042","busby_phage_471","",""
"1049","deboutte_phage_503","",""
"1053","deboutte_phage_52","",""
"1056","rosso_phage_105","",""
"1066","total_phage_639","Bombilactobacillus",""
"1067","total_phage_666","Bombilactobacillus",""
"1071","virome_phage_142","Bombilactobacillus",""
"1087","busby_phage_204","",""
"1088","busby_phage_232","",""
"1089","busby_phage_317","Gilliamella",""
"1093","deboutte_phage_165","Gilliamella",""
"1095","deboutte_phage_428","",""
"1096","deboutte_phage_436","Gilliamella",""
"1097","deboutte_phage_490","",""
"1098","deboutte_phage_517","Gilliamella",""
"1101","total_phage_239","Gilliamella",""
"1107","virome_phage_2299","Gilliamella",""
"1111","busby_phage_203","",""
"1124","virome_phage_913","",""
"1139","busby_phage_217","",""
"1141","busby_phage_355","",""
"1142","busby_phage_421","",""
"1143","busby_phage_98","",""
"1144","deboutte_phage_112","",""
"1145","deboutte_phage_294","",""
"1146","deboutte_phage_442","",""
"1147","deboutte_phage_448","",""
"1148","deboutte_phage_456","",""
"1162","busby_phage_382","","Autographiviridae"
"1163","deboutte_phage_191","","Autographiviridae"
"1164","deboutte_phage_195","","Autographiviridae"
"1165","deboutte_phage_228","","Autographiviridae"
"1166","deboutte_phage_94","","Autographiviridae"
"1168","virome_phage_101","","Autographiviridae"
"1169","virome_phage_117","","Autographiviridae"
"1170","deboutte_phage_376","",""
"1173","deboutte_phage_34","","Rountreeviridae"
"1174","rosso_phage_46","","Rountreeviridae"
"1175","rosso_phage_49","","Rountreeviridae"
"1176","total_phage_487","","Rountreeviridae"
"1177","total_phage_644","","Rountreeviridae"
"1178","total_phage_743","","Rountreeviridae"
"1179","virome_phage_201","","Rountreeviridae"
"1180","virome_phage_2237","","Rountreeviridae"
"1181","virome_phage_2243","","Rountreeviridae"
"1182","virome_phage_2259","","Rountreeviridae"
"1186","busby_phage_157","",""
"1194","busby_phage_128","",""
"1195","busby_phage_175","",""
"1213","busby_phage_214","",""
"1217","busby_phage_255","",""
"1226","deboutte_phage_279","",""
"1228","deboutte_phage_409","",""
"1294","deboutte_phage_383","",""
"1295","deboutte_phage_404","",""
"1297","deboutte_phage_5","",""
"1323","busby_phage_206","",""
"1351","deboutte_phage_216","",""
"1375","total_phage_725","Lactobacillus",""
"1410","busby_phage_401","",""
"1461","total_phage_3","",""
"1462","virome_phage_842","",""
"1463","busby_phage_238","",""
"1464","busby_phage_239","",""
"1465","busby_phage_240","",""
"1466","deboutte_phage_438","",""
"1467","total_phage_172","Gilliamella",""
"1468","total_phage_306","Gilliamella",""
"1469","total_phage_934","Gilliamella",""
"1470","busby_phage_276","",""
"1471","busby_phage_369","",""
"1472","busby_phage_380","",""
"1473","busby_phage_42","",""
"1475","deboutte_phage_377","",""
"1476","deboutte_phage_465","",""
"1477","deboutte_phage_477","",""
"1478","rosso_phage_191","",""
"1480","rosso_phage_30","",""
"1484","busby_phage_472","",""
"1485","rosso_phage_162","",""
"1486","virome_phage_2305","",""
"1488","virome_phage_172","",""
"1490","busby_phage_402","",""
"1493","busby_phage_146","",""
"1539","virome_phage_45","Pseudomonas",""
"1540","virome_phage_80","Pseudomonas",""
"1546","deboutte_phage_426","",""
"1551","busby_phage_234","",""
"1552","busby_phage_267","",""
"1553","busby_phage_268","",""
"1554","busby_phage_281","",""
"1555","busby_phage_284","",""
"1556","busby_phage_288","",""
"1557","busby_phage_316","",""
"1558","busby_phage_33","",""
"1559","busby_phage_346","",""
"1561","busby_phage_365","",""
"1562","busby_phage_405","",""
"1563","deboutte_phage_394","",""
"1565","deboutte_phage_472","",""
"1567","rosso_phage_186","",""
"1568","rosso_phage_8","",""
"1579","busby_phage_233","",""
"1597","busby_phage_237","",""
"1599","busby_phage_331","",""
"1600","busby_phage_332","",""
"1601","deboutte_phage_452","",""
"1602","deboutte_phage_457","",""
"1603","rosso_phage_31","Gilliamella",""
"1607","virome_phage_2912","",""
"1608","busby_phage_236","",""
"1617","virome_phage_2913","",""
"1618","busby_phage_225","",""
"1632","virome_phage_790","",""
"1827","busby_phage_311","",""
"1828","busby_phage_375","",""
"1829","busby_phage_458","",""
"1833","deboutte_phage_405","",""
"1935","deboutte_phage_141","",""
"1940","deboutte_phage_273","",""
"1943","deboutte_phage_56","",""
"1944","deboutte_phage_64","",""
"1957","deboutte_phage_513","","Autographiviridae"
"1958","deboutte_phage_95","","Autographiviridae"
"2037","busby_phage_197","",""
"2038","busby_phage_247","",""
"2042","busby_phage_457","",""
"2087","busby_phage_264","",""
"2088","busby_phage_265","Lactobacillus",""
"2089","busby_phage_286","Lactobacillus",""
"2090","busby_phage_287","",""
"2092","busby_phage_300","",""
"2097","deboutte_phage_116","Lactobacillus",""
"2098","deboutte_phage_117","",""
"2099","deboutte_phage_124","",""
"2102","deboutte_phage_357","",""
"2104","deboutte_phage_389","",""
"2107","deboutte_phage_48","",""
"2108","deboutte_phage_484","Lactobacillus",""
"2109","deboutte_phage_498","",""
"2113","deboutte_phage_88","Lactobacillus",""
"2119","rosso_phage_37","Lactobacillus",""
"2122","total_phage_246","Lactobacillus",""
"2128","total_phage_454","Lactobacillus",""
"2129","total_phage_483","Lactobacillus",""
"2130","total_phage_501","Lactobacillus",""
"2143","virome_phage_2292","Lactobacillus",""
"2144","virome_phage_2294","Lactobacillus",""
"2146","virome_phage_759","Lactobacillus",""
"2147","virome_phage_771","Lactobacillus",""
"2151","virome_phage_82","Lactobacillus",""
"2154","virome_phage_884","Lactobacillus",""
"2156","virome_phage_92","Lactobacillus",""
"2157","busby_phage_348","",""
"2158","busby_phage_349","Gilliamella",""
"2159","busby_phage_350","Gilliamella",""
"2160","busby_phage_391","",""
"2161","deboutte_phage_146","Gilliamella",""
"2162","deboutte_phage_180","Gilliamella",""
"2163","virome_phage_860","Gilliamella",""
"2164","busby_phage_293","Gilliamella",""
"2165","busby_phage_294","",""
"2167","busby_phage_392","",""
"2169","busby_phage_262","Gilliamella",""
"2171","deboutte_phage_156","Gilliamella",""
"2172","deboutte_phage_431","Serratia",""
"2173","deboutte_phage_84","Gilliamella",""
"2179","total_phage_297","",""
"2183","total_phage_526","Schmidhempelia",""
"2184","total_phage_605","Schmidhempelia",""
"2186","busby_phage_261","Gilliamella",""
"2201","virome_phage_802","",""
"2202","busby_phage_195","",""
"2253","deboutte_phage_140","",""
"2255","deboutte_phage_367","",""
"2257","deboutte_phage_420","",""
"2260","deboutte_phage_507","",""
"2263","rosso_phage_151","",""
"2276","virome_phage_115","Lactobacillus",""
"2277","virome_phage_116","Lactobacillus",""
"2290","virome_phage_2325","",""
"2291","virome_phage_2346","",""
"2318","busby_phage_328","",""
"2319","busby_phage_329","",""
"2322","rosso_phage_184","",""
"2325","virome_phage_891","",""
"2327","busby_phage_455","",""
"2330","rosso_phage_163","",""
"2331","virome_phage_71","",""
"2332","busby_phage_273","",""
"2333","busby_phage_274","",""
"2347","busby_phage_271","",""
"2360","virome_phage_2329","",""
"2362","virome_phage_912","Bombilactobacillus",""
"2364","busby_phage_272","",""
"2366","busby_phage_373","",""
"2380","busby_phage_226","",""
"2472","busby_phage_134","",""
"2473","busby_phage_145","",""
"2538","busby_phage_15","",""
"2539","busby_phage_22","",""
"2549","deboutte_phage_87","",""
"2568","rosso_phage_73","Bifidobacterium",""
"2594","deboutte_phage_97","",""
"2595","deboutte_phage_99","",""
"2659","deboutte_phage_33","",""
"2660","deboutte_phage_373","",""
"2821","busby_phage_260","Gilliamella",""
"2822","busby_phage_292","",""
"2825","deboutte_phage_145","",""
"2828","virome_phage_847","Gilliamella",""
"2897","deboutte_phage_134","",""
"2955","deboutte_phage_334","",""
"3002","busby_phage_177","",""
"3004","deboutte_phage_158","",""
"3037","busby_phage_404","",""
"3038","busby_phage_410","",""
"3039","busby_phage_46","",""
"3040","busby_phage_93","",""
"3048","busby_phage_176","",""
"3097","busby_phage_378","",""
"3098","busby_phage_446","",""
"3099","busby_phage_447","Gilliamella",""
"3100","busby_phage_47","",""
"3101","total_phage_125","Gilliamella",""
"3103","total_phage_237","Gilliamella",""
"3104","total_phage_243","Gilliamella",""
"3105","total_phage_252","Gilliamella",""
"3107","total_phage_296","Gilliamella",""
"3108","total_phage_304","",""
"3109","total_phage_364","Gilliamella",""
"3110","total_phage_449","Gilliamella",""
"3111","total_phage_451","Gilliamella",""
"3113","total_phage_745","Gilliamella",""
"3114","total_phage_783","Gilliamella",""
"3115","total_phage_803","Gilliamella",""
"3116","total_phage_807","Gilliamella",""
"3117","total_phage_935","Gilliamella",""
"3119","virome_phage_2357","",""
"3120","virome_phage_2385","Serratia",""
"3127","rosso_phage_171","",""
"3144","deboutte_phage_486","Gilliamella",""
"3146","deboutte_phage_70","Gilliamella",""
"3155","deboutte_phage_103","",""
"3156","deboutte_phage_107","",""
"3157","deboutte_phage_122","",""
"3158","deboutte_phage_174","Bifidobacterium",""
"3159","deboutte_phage_89","Bifidobacterium",""
"3160","virome_phage_118","Bifidobacterium",""
"3161","virome_phage_2343","Bifidobacterium",""
"3162","busby_phage_340","",""
"3163","busby_phage_341","",""
"3164","busby_phage_343","",""
"3165","deboutte_phage_31","",""
"3166","deboutte_phage_535","",""
"3167","rosso_phage_4","",""
"3168","virome_phage_2306","",""
"3169","virome_phage_64","",""
"3183","rosso_phage_166","",""
"3201","deboutte_phage_171","",""
"3204","deboutte_phage_340","",""
"3208","deboutte_phage_163","Gilliamella",""
"3209","deboutte_phage_166","",""
"3210","deboutte_phage_196","Gilliamella",""
"3211","deboutte_phage_43","",""
"3212","rosso_phage_152","",""
"3213","rosso_phage_35","Gilliamella",""
"3214","virome_phage_119","Gilliamella",""
"3215","virome_phage_123","Gilliamella",""
"3216","virome_phage_2319","Gilliamella",""
"3217","virome_phage_2345","Gilliamella",""
"3218","virome_phage_813","",""
"3219","virome_phage_829","Gilliamella",""
"3220","virome_phage_837","Gilliamella",""
"3221","virome_phage_876","Gilliamella",""
"3229","busby_phage_269","",""
"3292","busby_phage_398","",""
"3293","busby_phage_413","",""
"3294","busby_phage_444","",""
"3295","busby_phage_62","",""
"3298","deboutte_phage_453","",""
"3305","deboutte_phage_21","",""
"3322","busby_phage_319","",""
"3328","virome_phage_824","",""
"3335","deboutte_phage_190","",""
"3336","deboutte_phage_534","",""
"3340","virome_phage_826","",""
"3341","virome_phage_848","",""
"3343","deboutte_phage_536","",""
"3350","deboutte_phage_395","",""
"3389","busby_phage_258","Gilliamella",""
"3399","busby_phage_406","",""
"3418","busby_phage_184","",""
"3422","busby_phage_116","",""
"3423","busby_phage_370","Schmidhempelia","Microviridae"
"3489","busby_phage_115","",""
"3562","deboutte_phage_374","",""
"3563","deboutte_phage_9","",""
"3579","virome_phage_176","","Rountreeviridae"
"3584","virome_phage_2411","","Rountreeviridae"
"3600","busby_phage_49","",""
"3602","busby_phage_416","Schmidhempelia","Microviridae"
"3604","busby_phage_69","Schmidhempelia","Microviridae"
"3605","total_phage_517","Schmidhempelia","Microviridae"
"3659","busby_phage_313","Gilliamella",""
"3660","busby_phage_339","",""
"3681","busby_phage_407","",""
"3696","deboutte_phage_1","Bifidobacterium",""
"3697","rosso_phage_94","Bifidobacterium",""
"3698","rosso_phage_95","Bifidobacterium",""
"3699","rosso_phage_96","Bifidobacterium",""
"3700","total_phage_174","Bifidobacterium",""
"3701","total_phage_809","Bifidobacterium",""
"3702","virome_phage_1063","",""
"3703","virome_phage_202","Bifidobacterium",""
"3704","virome_phage_219","Bifidobacterium",""
"3705","busby_phage_207","","Autographiviridae"
"3706","busby_phage_253","","Autographiviridae"
"3717","busby_phage_440","",""
"3718","busby_phage_442","",""
"3724","deboutte_phage_481","",""
"3730","deboutte_phage_105","Bifidobacterium",""
"3733","deboutte_phage_399","Bifidobacterium",""
"3737","deboutte_phage_119","",""
"3767","rosso_phage_190","",""
"3768","rosso_phage_32","",""
"3769","virome_phage_19","",""
"3770","virome_phage_2235","",""
"3771","virome_phage_2301","",""
"3772","virome_phage_52","",""
"3773","virome_phage_57","",""
"3774","virome_phage_754","",""
"3775","virome_phage_803","",""
"3776","busby_phage_430","",""
"3780","deboutte_phage_39","",""
"3800","virome_phage_26","",""
"3804","virome_phage_796","Acinetobacter",""
"3811","rosso_phage_33","",""
"3812","rosso_phage_34","",""
"3815","busby_phage_1","",""
"3822","busby_phage_7","",""
"3823","busby_phage_335","",""
"3825","busby_phage_18","",""
"3828","busby_phage_19","",""
"3839","busby_phage_23","",""
"3858","busby_phage_31","",""
"3886","busby_phage_35","",""
"3887","busby_phage_38","",""
"3891","busby_phage_27","",""
"3904","busby_phage_51","",""
"3905","busby_phage_52","",""
"3919","busby_phage_66","",""
"3920","busby_phage_68","",""
"3927","busby_phage_79","",""
"3955","deboutte_phage_270","",""
"3978","busby_phage_101","",""
"3979","busby_phage_109","",""
"3985","busby_phage_112","",""
"4000","busby_phage_132","",""
"4002","busby_phage_138","",""
"4030","busby_phage_39","",""
"4039","busby_phage_434","",""
"4057","busby_phage_432","",""
"4074","busby_phage_34","",""
"4090","busby_phage_437","",""
"4112","busby_phage_90","",""
"4210","busby_phage_386","",""
"4235","busby_phage_173","",""
"4251","busby_phage_330","",""
"4253","deboutte_phage_3","",""
"4255","deboutte_phage_378","",""
"4257","deboutte_phage_381","",""
"4258","deboutte_phage_40","",""
"4259","deboutte_phage_45","",""
"4261","rosso_phage_179","",""
"4275","busby_phage_475","",""
"4276","deboutte_phage_17","",""
"4279","deboutte_phage_380","",""
"4280","deboutte_phage_42","",""
"4281","rosso_phage_168","",""
"4290","busby_phage_270","",""
"4640","busby_phage_229","",""
"4641","busby_phage_334","",""
"4660","busby_phage_449","",""
"4690","busby_phage_188","",""
"4844","busby_phage_298","",""
"4846","deboutte_phage_197","",""
"4847","deboutte_phage_212","",""
"4848","deboutte_phage_231","",""
"4849","deboutte_phage_256","",""
"4850","deboutte_phage_295","",""
"4851","deboutte_phage_315","",""
"4853","deboutte_phage_403","",""
"4854","deboutte_phage_408","",""
"4888","busby_phage_228","",""
"4889","busby_phage_431","",""
"4951","virome_phage_845","Pseudomonas",""
"4954","deboutte_phage_121","",""
"4960","rosso_phage_126","Bifidobacterium",""
"4964","rosso_phage_134","",""
"4970","virome_phage_1077","Bifidobacterium",""
"4971","virome_phage_1199","",""
"4972","virome_phage_235","Bifidobacterium",""
"4974","virome_phage_303","",""
"4976","busby_phage_452","",""
"4977","deboutte_phage_12","",""
"4978","deboutte_phage_20","",""
"4979","deboutte_phage_27","",""
"4982","deboutte_phage_375","",""
"4983","deboutte_phage_379","",""
"4984","deboutte_phage_384","",""
"4986","deboutte_phage_41","",""
"4992","busby_phage_174","",""
"5039","busby_phage_37","",""
"5041","busby_phage_411","",""
"5042","busby_phage_412","",""
"5065","busby_phage_414","",""
"5066","busby_phage_415","",""
"5073","busby_phage_397","",""
"5074","busby_phage_417","",""
"5093","deboutte_phage_218","",""
"5180","busby_phage_381","Bifidobacterium",""
"5186","total_phage_820","",""
"5190","deboutte_phage_32","Acinetobacter",""
"5191","deboutte_phage_392","Acinetobacter",""
"5194","deboutte_phage_427","Acinetobacter",""
"5195","deboutte_phage_470","Acinetobacter",""
"5196","deboutte_phage_502","",""
"5197","deboutte_phage_506","Acinetobacter",""
"5199","rosso_phage_40","Acinetobacter",""
"5201","total_phage_366","",""
"5204","virome_phage_2359","Acinetobacter",""
"5206","virome_phage_41","Acinetobacter",""
"5207","virome_phage_47","Acinetobacter",""
"5208","virome_phage_48","Acinetobacter",""
"5209","virome_phage_49","Acinetobacter",""
"5210","virome_phage_56","Acinetobacter",""
"5212","virome_phage_772","Acinetobacter",""
"5213","virome_phage_779","Acinetobacter",""
"5214","virome_phage_791","Acinetobacter",""
"5216","virome_phage_811","Acinetobacter",""
"5217","virome_phage_852","Acinetobacter",""
"5218","virome_phage_96","Acinetobacter",""
"5219","deboutte_phage_135","",""
"5220","deboutte_phage_512","",""
"5221","rosso_phage_111","",""
"5242","deboutte_phage_93","",""
"5243","deboutte_phage_96","",""
"5244","busby_phage_318","",""
"5250","rosso_phage_12","",""
"5251","total_phage_0","",""
"5252","busby_phage_384","Bifidobacterium",""
"5258","virome_phage_936","Bifidobacterium",""
"5269","deboutte_phage_111","",""
"5270","deboutte_phage_76","",""
"5271","virome_phage_2280","",""
"5272","deboutte_phage_54","",""
"5273","rosso_phage_188","",""
"5274","virome_phage_1","",""
"5292","deboutte_phage_109","",""
"5305","deboutte_phage_47","",""
"5308","virome_phage_2323","",""
"5309","virome_phage_25","",""
"5310","virome_phage_753","",""
"5312","deboutte_phage_29","",""
"5313","deboutte_phage_388","",""
"5314","rosso_phage_127","Bifidobacterium",""
"5315","rosso_phage_131","Bifidobacterium",""
"5316","rosso_phage_139","Bifidobacterium",""
"5317","rosso_phage_142","Bifidobacterium",""
"5318","rosso_phage_143","",""
"5319","rosso_phage_172","",""
"5320","virome_phage_1032","Bifidobacterium",""
"5321","virome_phage_1061","Bifidobacterium",""
"5322","virome_phage_1154","Bifidobacterium",""
"5323","virome_phage_158","Bifidobacterium",""
"5324","virome_phage_2400","Bifidobacterium",""
"5325","virome_phage_963","Bifidobacterium",""
"5331","busby_phage_357","",""
"5379","deboutte_phage_533","",""
"5404","busby_phage_385","",""
"5412","deboutte_phage_365","",""
"5413","deboutte_phage_511","",""
"5414","rosso_phage_112","",""
"5415","total_phage_112","",""
"5416","virome_phage_27","",""
"5417","busby_phage_474","Bifidobacterium",""
"5446","busby_phage_433","",""
"5514","deboutte_phage_44","",""
"5516","deboutte_phage_449","",""
"5567","rosso_phage_77","Bifidobacterium",""
"5568","rosso_phage_78","Bifidobacterium",""
"5569","rosso_phage_79","Bifidobacterium",""
"5570","rosso_phage_80","Bifidobacterium",""
"5571","rosso_phage_81","",""
"5572","rosso_phage_82","",""
"5573","rosso_phage_84","Bifidobacterium",""
"5574","rosso_phage_85","Bifidobacterium",""
"5575","rosso_phage_87","Bifidobacterium",""
"5576","rosso_phage_88","Bifidobacterium",""
"5577","rosso_phage_89","Bifidobacterium",""
"5578","rosso_phage_90","Bifidobacterium",""
"5579","rosso_phage_91","Bifidobacterium",""
"5580","rosso_phage_92","Bifidobacterium",""
"5581","rosso_phage_93","Bifidobacterium",""
"5582","virome_phage_152","Bifidobacterium",""
"5583","virome_phage_153","Bifidobacterium",""
"5584","virome_phage_155","Bifidobacterium",""
"5585","virome_phage_2382","Bifidobacterium",""
"5586","virome_phage_2389","Bifidobacterium",""
"5587","virome_phage_2402","Bifidobacterium",""
"5588","rosso_phage_159","",""
"5593","rosso_phage_83","Bifidobacterium",""
"5596","rosso_phage_86","Bifidobacterium",""
"5653","deboutte_phage_100","",""
"5654","deboutte_phage_113","",""
"5731","rosso_phage_72","Bifidobacterium",""
"5734","rosso_phage_76","",""
"5750","busby_phage_345","",""
"5846","deboutte_phage_415","",""
"5857","virome_phage_2312","",""
"5859","virome_phage_31","",""
"5861","virome_phage_37","",""
"5863","virome_phage_765","Pseudomonas",""
"5864","virome_phage_781","Pseudomonas",""
"5865","virome_phage_782","Pseudomonas",""
"5867","virome_phage_816","Pseudomonas",""
"5920","busby_phage_198","",""
"5925","deboutte_phage_194","",""
"5926","deboutte_phage_198","",""
"5927","deboutte_phage_200","",""
"5928","deboutte_phage_204","",""
"5929","deboutte_phage_209","",""
"5930","deboutte_phage_215","",""
"5931","deboutte_phage_242","",""
"5932","deboutte_phage_276","",""
"5933","deboutte_phage_474","",""
"5971","deboutte_phage_508","Acinetobacter",""
"6188","busby_phage_153","",""
"6249","deboutte_phage_186","",""
"6250","deboutte_phage_188","",""
"6251","deboutte_phage_230","",""
"6252","rosso_phage_120","",""
"6268","virome_phage_77","",""
"6269","virome_phage_794","",""
"6322","busby_phage_326","Gilliamella",""
"6323","busby_phage_327","",""
"6324","busby_phage_390","",""
"6329","deboutte_phage_437","",""
"6334","virome_phage_2291","Serratia",""
"6335","virome_phage_2293","",""
"6336","virome_phage_2313","",""
"6351","deboutte_phage_450","",""
"6369","deboutte_phage_412","",""
"6370","virome_phage_75","",""
"6371","virome_phage_76","",""
"6372","virome_phage_78","",""
"6373","virome_phage_812","",""
"6374","virome_phage_832","",""
"6375","virome_phage_843","",""
"6376","virome_phage_911","",""
"6379","deboutte_phage_46","",""
"6382","busby_phage_324","",""
"6383","deboutte_phage_257","",""
"6384","deboutte_phage_35","Bifidobacterium",""
"6385","deboutte_phage_369","Bifidobacterium",""
"6386","deboutte_phage_406","",""
"6387","rosso_phage_55","Bifidobacterium",""
"6388","rosso_phage_56","Bifidobacterium",""
"6389","rosso_phage_57","Bifidobacterium",""
"6390","virome_phage_2274","Bifidobacterium",""
"6391","virome_phage_2320","Bifidobacterium",""
"6392","virome_phage_2356","Bifidobacterium",""
"6393","virome_phage_81","Bifidobacterium",""
"6394","virome_phage_819","Bifidobacterium",""
"6395","virome_phage_822","Bifidobacterium",""
"6396","virome_phage_831","Bifidobacterium",""
"6408","busby_phage_170","",""
"6409","rosso_phage_183","",""
"6410","virome_phage_3","",""
"6411","virome_phage_7","Gilliamella",""
"6412","deboutte_phage_289","",""
"6413","deboutte_phage_435","",""
"6414","deboutte_phage_473","Bifidobacterium",""
"6415","rosso_phage_181","",""
"6416","rosso_phage_3","",""
"6417","total_phage_118","",""
"6418","total_phage_240","Bifidobacterium",""
"6419","total_phage_298","Bifidobacterium",""
"6420","total_phage_303","",""
"6421","virome_phage_112","Bifidobacterium",""
"6422","virome_phage_124","Bifidobacterium",""
"6437","busby_phage_325","",""
"6440","deboutte_phage_182","",""
"6444","deboutte_phage_255","",""
"6448","deboutte_phage_361","",""
"6450","deboutte_phage_475","",""
"6452","deboutte_phage_62","",""
"6460","virome_phage_2281","",""
"6479","virome_phage_2300","Serratia",""
"6494","virome_phage_901","",""
"6495","deboutte_phage_184","","Autographiviridae"
"6496","deboutte_phage_187","","Autographiviridae"
"6497","deboutte_phage_205","",""
"6498","deboutte_phage_208","","Autographiviridae"
"6499","deboutte_phage_214","",""
"6500","deboutte_phage_227","","Autographiviridae"
"6501","deboutte_phage_250","",""
"6502","deboutte_phage_261","",""
"6503","deboutte_phage_265","",""
"6504","deboutte_phage_277","",""
"6505","virome_phage_42","","Autographiviridae"
"6506","deboutte_phage_183","","Autographiviridae"
"6518","virome_phage_61","","Autographiviridae"
"6526","deboutte_phage_199","",""
"6530","deboutte_phage_263","",""
"6532","deboutte_phage_331","",""
"6555","deboutte_phage_155","",""
"6559","deboutte_phage_245","",""
"6560","deboutte_phage_301","",""
"6564","virome_phage_895","",""
"6584","deboutte_phage_349","",""
"6585","deboutte_phage_354","",""
"6587","virome_phage_766","",""
"6588","virome_phage_870","",""
"6598","busby_phage_342","",""
"6599","deboutte_phage_221","",""
"6600","deboutte_phage_271","",""
"6602","rosso_phage_148","",""
"6603","rosso_phage_149","",""
"6615","deboutte_phage_264","",""
"6616","deboutte_phage_274","",""
"6617","deboutte_phage_275","",""
"6618","deboutte_phage_283","",""
"6619","deboutte_phage_299","",""
"6620","deboutte_phage_317","",""
"6621","deboutte_phage_322","",""
"6626","deboutte_phage_202","",""
"6627","deboutte_phage_220","",""
"6628","deboutte_phage_225","",""
"6629","deboutte_phage_226","",""
"6630","deboutte_phage_444","",""
"6655","deboutte_phage_148","",""
"6691","virome_phage_764","",""
"6693","virome_phage_820","",""
"6696","virome_phage_856","",""
"6700","deboutte_phage_192","",""
"6732","total_phage_189","",""
"6733","total_phage_518","",""
"6734","total_phage_727","",""
"6740","deboutte_phage_254","",""
"6741","deboutte_phage_443","",""
"6742","deboutte_phage_446","",""
"6751","deboutte_phage_206","",""
"6753","deboutte_phage_290","",""
"6754","deboutte_phage_298","",""
"6755","deboutte_phage_303","",""
"6756","deboutte_phage_323","",""
"6757","deboutte_phage_329","",""
"6758","deboutte_phage_356","",""
"6762","deboutte_phage_211","",""
"6763","deboutte_phage_268","",""
"6764","deboutte_phage_269","",""
"6768","deboutte_phage_358","",""
"6769","deboutte_phage_522","",""
"6771","deboutte_phage_341","",""
"6773","deboutte_phage_422","",""
"6795","busby_phage_338","",""
"6798","deboutte_phage_241","",""
"6806","deboutte_phage_258","",""
"6812","rosso_phage_153","Serratia",""
"6815","virome_phage_12","",""
"6816","virome_phage_16","",""
"6821","virome_phage_46","",""
"6822","virome_phage_58","",""
"6835","busby_phage_86","",""
"6837","virome_phage_2296","",""
"6838","virome_phage_38","",""
"6839","virome_phage_786","",""
"6840","deboutte_phage_332","",""
"6841","deboutte_phage_350","","Zobellviridae"
"6842","virome_phage_98","","Zobellviridae"
"6881","deboutte_phage_304","",""
"6883","deboutte_phage_81","",""
"6884","rosso_phage_13","",""
"6885","virome_phage_50","",""
"6887","virome_phage_770","",""
"6950","virome_phage_1092","",""
"6951","virome_phage_1109","",""
"6952","virome_phage_1117","",""
"6953","virome_phage_1131","",""
"6954","virome_phage_1142","",""
"6955","virome_phage_1279","",""
"6956","virome_phage_1411","",""
"6957","virome_phage_1507","",""
"6958","virome_phage_1541","",""
"6959","virome_phage_1668","",""
"6960","virome_phage_1675","",""
"6961","virome_phage_2465","",""
"6962","virome_phage_2530","",""
"6963","virome_phage_2599","",""
"6964","virome_phage_440","",""
"7084","deboutte_phage_266","",""
"7087","virome_phage_43","",""
"7089","virome_phage_68","",""
"7090","virome_phage_761","",""
"7093","virome_phage_867","",""
"7099","rosso_phage_187","",""
"7101","total_phage_636","Bombilactobacillus",""
"7103","virome_phage_65","",""
"7104","virome_phage_890","",""
"7105","deboutte_phage_326","",""
"7106","deboutte_phage_333","",""
"7107","deboutte_phage_203","",""
"7200","deboutte_phage_319","",""
"7213","deboutte_phage_248","",""
"7235","total_phage_104","",""
"7237","deboutte_phage_288","",""
"7238","deboutte_phage_306","",""
"7411","deboutte_phage_272","",""
"7413","deboutte_phage_179","",""
"7415","deboutte_phage_115","",""
"7417","deboutte_phage_500","",""
"7418","deboutte_phage_91","Bifidobacterium",""
"7419","rosso_phage_123","Bifidobacterium",""
"7420","rosso_phage_125","Bifidobacterium",""
"7422","rosso_phage_128","Bifidobacterium",""
"7423","rosso_phage_129","Bifidobacterium",""
"7425","rosso_phage_136","Bifidobacterium",""
"7426","rosso_phage_137","Bifidobacterium",""
"7428","rosso_phage_140","Bifidobacterium",""
"7431","rosso_phage_145","",""
"7432","rosso_phage_146","",""
"7434","rosso_phage_192","",""
"7437","virome_phage_1082","",""
"7439","virome_phage_151","Bifidobacterium",""
"7440","virome_phage_154","Bifidobacterium",""
"7442","virome_phage_160","Bifidobacterium",""
"7443","virome_phage_164","Bifidobacterium",""
"7444","virome_phage_2388","Bifidobacterium",""
"7445","virome_phage_2398","Bifidobacterium",""
"7447","virome_phage_2403","Bifidobacterium",""
"7448","virome_phage_331","Bifidobacterium",""
"7449","virome_phage_949","Bifidobacterium",""
"7450","virome_phage_955","Bifidobacterium",""
"7520","rosso_phage_144","Bifidobacterium",""
"7523","rosso_phage_160","",""
"7538","deboutte_phage_320","",""
"7548","deboutte_phage_229","",""
"7595","deboutte_phage_10","",""
"7596","deboutte_phage_372","Acinetobacter",""
"7597","deboutte_phage_391","",""
"7606","deboutte_phage_524","Acinetobacter",""
"7608","deboutte_phage_78","Acinetobacter",""
"7614","virome_phage_2290","",""
"7618","virome_phage_35","",""
"7624","virome_phage_769","",""
"7632","deboutte_phage_300","",""
"7640","deboutte_phage_253","",""
"7672","deboutte_phage_219","","Zobellviridae"
"7709","virome_phage_818","",""
"7710","busby_phage_209","",""
"7711","busby_phage_366","",""
"7722","virome_phage_239","","Rountreeviridae"
"7723","virome_phage_2407","","Rountreeviridae"
"7725","virome_phage_2424","","Rountreeviridae"
"7738","deboutte_phage_207","",""
"7759","deboutte_phage_59","",""
"7763","deboutte_phage_189","",""
"7764","deboutte_phage_173","",""
"7821","virome_phage_73","",""
"7822","deboutte_phage_120","",""
"7873","rosso_phage_51","",""
"7874","rosso_phage_52","",""
"7875","rosso_phage_53","",""
"7876","rosso_phage_54","",""
"7887","busby_phage_165","Bifidobacterium",""
"7955","deboutte_phage_366","",""
"8003","busby_phage_364","",""
"8010","busby_phage_208","",""
"8030","deboutte_phage_14","",""
"8033","deboutte_phage_7","",""
"8069","virome_phage_18","",""
"8071","virome_phage_747","",""
"8088","deboutte_phage_22","",""
"8089","rosso_phage_108","Bifidobacterium",""
"8090","rosso_phage_109","Bifidobacterium",""
"8091","total_phage_808","Bifidobacterium",""
"8092","virome_phage_2347","Bifidobacterium",""
"8093","virome_phage_2355","Bifidobacterium",""
"8094","virome_phage_2372","Bifidobacterium",""
"8095","virome_phage_909","Bifidobacterium",""
"8096","deboutte_phage_387","",""
"8098","deboutte_phage_386","",""
"8181","busby_phage_20","",""
"8192","busby_phage_50","",""
"8204","deboutte_phage_80","",""
"8313","deboutte_phage_101","",""
"8316","rosso_phage_164","","Rountreeviridae"
"8317","rosso_phage_176","","Rountreeviridae"
"8341","virome_phage_318","","Rountreeviridae"
"8374","total_phage_176","",""
"8378","total_phage_443","",""
"8381","total_phage_785","",""
"8382","virome_phage_2333","",""
"8383","virome_phage_997","",""
"8479","virome_phage_14","",""
"8535","deboutte_phage_167","",""
"8536","busby_phage_141","",""
"8577","total_phage_369","Bifidobacterium",""
"8578","virome_phage_2315","Bifidobacterium",""
"8579","virome_phage_821","Bifidobacterium",""
"8580","virome_phage_915","Bifidobacterium",""
"8626","deboutte_phage_15","",""
"8710","busby_phage_133","",""
"8721","deboutte_phage_118","",""
"8747","deboutte_phage_362","",""
"8803","deboutte_phage_520","",""
"8805","virome_phage_15","",""
"8806","virome_phage_2272","",""
"8807","virome_phage_5","",""
"8808","virome_phage_9","",""
"8809","deboutte_phage_440","",""
"8810","virome_phage_55","",""
"8811","virome_phage_60","",""
"8812","virome_phage_780","",""
"8813","virome_phage_809","",""
"8814","virome_phage_849","",""
"8878","deboutte_phage_157","",""
"8890","virome_phage_823","",""
"9007","deboutte_phage_432","Pseudomonas",""
"9023","virome_phage_51","Pseudomonas",""
"9064","deboutte_phage_159","",""
"9118","deboutte_phage_127","",""
"9119","deboutte_phage_425","",""
"9123","rosso_phage_169","",""
"9124","total_phage_611","",""
"9125","virome_phage_1155","",""
"9126","virome_phage_1217","",""
"9127","virome_phage_1236","",""
"9128","virome_phage_1286","",""
"9129","virome_phage_1446","",""
"9130","virome_phage_1467","",""
"9131","virome_phage_1565","",""
"9132","virome_phage_1784","",""
"9133","virome_phage_1873","",""
"9134","virome_phage_2263","",""
"9135","virome_phage_2496","",""
"9136","virome_phage_2624","",""
"9137","virome_phage_271","",""
"9138","virome_phage_272","",""
"9139","virome_phage_275","",""
"9140","virome_phage_280","",""
"9172","deboutte_phage_460","",""
"9210","deboutte_phage_129","",""
"9326","deboutte_phage_445","",""
"9368","busby_phage_125","",""
"9433","deboutte_phage_488","",""
"9437","deboutte_phage_510","",""
"9466","deboutte_phage_400","",""
"9495","deboutte_phage_18","",""
"9496","rosso_phage_170","",""
"9503","total_phage_478","",""
"9504","total_phage_497","",""
"9505","total_phage_697","Bifidobacterium",""
"9510","deboutte_phage_347","",""
"9575","busby_phage_467","",""
"10075","virome_phage_177","",""
"10314","rosso_phage_98","Bifidobacterium",""
"10315","total_phage_116","Bifidobacterium",""
"10316","total_phage_178","Bifidobacterium",""
"10318","virome_phage_84","Bifidobacterium",""
"10319","virome_phage_893","Bifidobacterium",""
"10436","busby_phage_21","",""
"10605","busby_phage_124","",""
"10684","deboutte_phage_424","",""
"10688","virome_phage_744","",""
"10846","deboutte_phage_11","",""
"10849","rosso_phage_175","",""
"10888","deboutte_phage_345","",""
"10940","deboutte_phage_69","",""
"11069","rosso_phage_115","",""
"11098","deboutte_phage_85","",""
"11099","total_phage_100","Bifidobacterium",""
"11100","total_phage_789","Bifidobacterium",""
"11101","virome_phage_120","Bifidobacterium",""
"11103","virome_phage_2339","Bifidobacterium",""
"11104","virome_phage_793","",""
"11106","virome_phage_846","Bifidobacterium",""
"11150","deboutte_phage_36","",""
"11160","virome_phage_838","",""
"11184","deboutte_phage_75","",""
"11333","deboutte_phage_30","",""
"11393","deboutte_phage_102","",""
"11440","busby_phage_196","",""
"11488","virome_phage_145","",""
"11489","virome_phage_2368","",""
"11630","virome_phage_2255","",""
"11631","virome_phage_2350","Bifidobacterium",""
"11632","virome_phage_67","Bifidobacterium",""
"11634","deboutte_phage_385","",""
"11636","rosso_phage_110","Bifidobacterium",""
"11638","virome_phage_107","Bifidobacterium",""
"11642","virome_phage_86","Bifidobacterium",""
"11649","total_phage_115","Bifidobacterium",""
"11662","virome_phage_2342","",""
"11665","rosso_phage_194","",""
"11686","rosso_phage_114","",""
"11687","rosso_phage_113","",""
"11688","deboutte_phage_73","",""
"11689","rosso_phage_117","",""
"11690","rosso_phage_118","",""
"11691","virome_phage_2409","",""
"11692","rosso_phage_116","",""
"11694","rosso_phage_185","",""
"11700","deboutte_phage_104","",""
"11701","deboutte_phage_106","",""
"11702","deboutte_phage_108","",""
"11704","deboutte_phage_82","",""
"12783","deboutte_phage_132","",""
"12942","busby_phage_454","",""
"13006","deboutte_phage_441","",""
"13122","busby_phage_144","",""
"13149","virome_phage_898","",""
"13175","deboutte_phage_55","",""
"13179","rosso_phage_196","",""
"13233","busby_phage_307","",""
"13327","deboutte_phage_178","Gilliamella",""
"13331","deboutte_phage_160","",""
"13359","deboutte_phage_252","",""
"13366","deboutte_phage_13","",""
"13368","deboutte_phage_66","",""
"13408","busby_phage_389","",""
"13424","deboutte_phage_4","",""
"13690","rosso_phage_27","",""
"13693","rosso_phage_26","",""
"13845","busby_phage_393","",""
"13856","busby_phage_395","",""
"14080","deboutte_phage_284","",""
"15251","deboutte_phage_131","",""
"15254","rosso_phage_174","",""
"15770","deboutte_phage_509","",""
"15772","rosso_phage_97","",""
"15817","deboutte_phage_201","",""
"15944","busby_phage_118","",""
"16746","deboutte_phage_479","",""
"17067","total_phage_92","",""
"17068","total_phage_729","",""
"17960","busby_phage_223","",""
"17961","busby_phage_368","",""
"18214","total_phage_694","",""
"18215","total_phage_787","",""
"18220","busby_phage_221","",""
"18474","total_phage_357","",""
"18589","deboutte_phage_417","",""
"19139","busby_phage_266","",""
"19346","total_phage_488","","Inoviridae"
"19347","total_phage_711","","Inoviridae"
"19348","total_phage_512","","Totiviridae"
"19349","total_phage_609","","Totiviridae"
"19350","total_phage_713","","Totiviridae"
"19352","rosso_phage_107","",""
"19514","total_phage_462","","Inoviridae"
"19634","total_phage_471","","Totiviridae"
"19998","virome_phage_2314","",""
"20303","total_phage_638","Bombilactobacillus",""
"20406","total_phage_650","","Inoviridae"
"20410","total_phage_616","",""
"20467","total_phage_232","",""
"20476","busby_phage_275","",""
"20528","deboutte_phage_2","",""
"21082","deboutte_phage_176","",""
"21600","busby_phage_320","",""
"21907","total_phage_231","",""
"21957","total_phage_95","Bifidobacterium",""
"21975","deboutte_phage_462","",""
"22023","total_phage_927","Lactobacillus",""
"22056","deboutte_phage_23","",""
"22058","deboutte_phage_53","",""
"22061","deboutte_phage_57","",""
"22062","deboutte_phage_58","",""
"22064","deboutte_phage_61","",""
"22065","deboutte_phage_65","",""
"22066","deboutte_phage_68","",""
"22069","virome_phage_2269","",""
"22197","deboutte_phage_318","",""
"22417","virome_phage_2295","",""
"22418","virome_phage_788","",""
"22420","virome_phage_827","",""
"22421","deboutte_phage_234","",""
"22688","busby_phage_352","",""
"22724","virome_phage_59","",""
"22955","deboutte_phage_407","",""
"23079","rosso_phage_10","",""
"23452","busby_phage_36","",""
"23494","virome_phage_1813","",""
"23549","virome_phage_1770","",""
"23782","virome_phage_24","",""
"23783","virome_phage_758","",""
"23785","virome_phage_94","",""
"24107","virome_phage_2270","",""
"24108","virome_phage_734","",""
"24154","rosso_phage_177","",""
"24157","virome_phage_22","",""
"24201","virome_phage_760","",""
"24207","deboutte_phage_128","",""
"24273","virome_phage_817","",""
"24308","deboutte_phage_238","",""
"24309","deboutte_phage_309","",""
"24310","deboutte_phage_330","",""
"24379","virome_phage_63","",""
"24429","virome_phage_109","",""
"24434","deboutte_phage_235","",""
"24515","busby_phage_336","",""
"24983","virome_phage_87","",""
"25064","virome_phage_825","",""
"25338","virome_phage_851","",""
"25339","virome_phage_875","",""
"25419","rosso_phage_11","",""
"25713","busby_phage_465","",""
"26210","deboutte_phage_114","",""
"26540","virome_phage_34","",""
"26541","virome_phage_54","",""
"26545","virome_phage_787","",""
"26546","virome_phage_69","",""
"26547","virome_phage_857","",""
"26548","virome_phage_914","",""
"26584","virome_phage_32","",""
"26586","virome_phage_804","",""
"26858","virome_phage_774","",""
"26902","virome_phage_810","",""
"26908","deboutte_phage_213","",""
"27032","deboutte_phage_521","",""
"27039","virome_phage_863","",""
"27139","deboutte_phage_232","",""
"27140","deboutte_phage_328","",""
"27150","virome_phage_808","",""
"27160","deboutte_phage_293","",""
"27161","deboutte_phage_297","",""
"27164","deboutte_phage_327","",""
"27195","virome_phage_834","",""
"27244","virome_phage_33","",""
"27245","virome_phage_66","",""
"27264","virome_phage_833","",""
"27265","virome_phage_861","",""
"27267","virome_phage_871","",""
"27268","deboutte_phage_364","",""
"27334","busby_phage_301","",""
"27397","virome_phage_748","",""
"27401","virome_phage_746","",""
"27402","deboutte_phage_168","",""
"27437","virome_phage_854","",""
"27459","virome_phage_762","",""
"27516","virome_phage_2282","",""
"27529","virome_phage_756","",""
"27536","virome_phage_783","",""
"27539","virome_phage_868","",""
"27660","virome_phage_904","",""
"28084","virome_phage_814","",""
"28125","deboutte_phage_348","",""
"28445","virome_phage_806","Pseudomonas",""
"28563","virome_phage_72","",""
"28758","deboutte_phage_337","",""
"28887","virome_phage_2322","",""
"29090","virome_phage_925","",""
"29091","virome_phage_881","Lacticaseibacillus",""
"29237","virome_phage_865","",""
"29630","virome_phage_844","",""
"29631","virome_phage_878","",""
"29632","virome_phage_974","",""
"29633","virome_phage_979","",""
"29780","virome_phage_835","Lacticaseibacillus",""
"30024","deboutte_phage_530","",""
"30025","deboutte_phage_531","",""
"30213","virome_phage_62","",""
"30606","virome_phage_903","",""
