contig_id,index,pos,proteins,pos_cluster,pos_clusters,membership,pos_cluster_mbship
annotate_busby_phage_0,0,0,13,,,0.0,
annotate_busby_phage_1,1,1,16,0,,1.0,0.0
annotate_busby_phage_10,2,2,8,,,0.0,
annotate_busby_phage_100,3,3,2,,,0.0,
annotate_busby_phage_101,4,4,2,2,,1.0,2.0
annotate_busby_phage_102,5,5,2,,,0.0,
annotate_busby_phage_103,6,6,2,,,0.0,
annotate_busby_phage_104,7,7,5,,,0.0,
annotate_busby_phage_105,8,8,8,,,0.0,
annotate_busby_phage_106,9,9,11,,,0.0,
annotate_busby_phage_107,10,10,53,,,0.0,
annotate_busby_phage_108,11,11,1,,,0.0,
annotate_busby_phage_109,12,12,16,3,,1.0,3.0
annotate_busby_phage_11,13,13,12,,,0.0,
annotate_busby_phage_110,14,14,4,,,0.0,
annotate_busby_phage_111,15,15,7,,,0.0,
annotate_busby_phage_112,16,16,8,5,,1.0,5.0
annotate_busby_phage_113,17,17,7,,,0.0,
annotate_busby_phage_114,18,18,8,,,0.0,
annotate_busby_phage_115,19,19,15,,,0.0,
annotate_busby_phage_116,20,20,6,8,,1.0,8.0
annotate_busby_phage_117,21,21,3,,,0.0,
annotate_busby_phage_118,22,22,6,,,0.0,
annotate_busby_phage_119,23,23,12,,,0.0,
annotate_busby_phage_12,24,24,9,,,0.0,
annotate_busby_phage_120,25,25,2,,,0.0,
annotate_busby_phage_121,26,26,4,,,0.0,
annotate_busby_phage_122,27,27,24,,,0.0,
annotate_busby_phage_124,28,28,5,,,0.0,
annotate_busby_phage_125,29,29,34,11,,1.0,11.0
annotate_busby_phage_127,30,30,3,,,0.0,
annotate_busby_phage_128,31,31,7,,,0.0,
annotate_busby_phage_129,32,32,4,,,0.0,
annotate_busby_phage_13,33,33,20,,,0.0,
annotate_busby_phage_130,34,34,1,,,0.0,
annotate_busby_phage_131,35,35,7,,,0.0,
annotate_busby_phage_132,36,36,11,20,,1.0,20.0
annotate_busby_phage_133,37,37,8,,,0.0,
annotate_busby_phage_134,38,38,6,,,0.0,
annotate_busby_phage_135,39,39,5,,,0.0,
annotate_busby_phage_136,40,40,2,,,0.0,
annotate_busby_phage_137,41,41,3,,,0.0,
annotate_busby_phage_138,42,42,13,,,0.0,
annotate_busby_phage_139,43,43,33,,,0.0,
annotate_busby_phage_14,44,44,3,,,0.0,
annotate_busby_phage_140,45,45,2,,,0.0,
annotate_busby_phage_141,46,46,2,,,0.0,
annotate_busby_phage_142,47,47,4,,,0.0,
annotate_busby_phage_143,48,48,10,,,0.0,
annotate_busby_phage_144,49,49,7,,,0.0,
annotate_busby_phage_145,50,50,49,,,0.0,
annotate_busby_phage_146,51,51,40,,,0.0,
annotate_busby_phage_147,52,52,4,,,0.0,
annotate_busby_phage_148,53,53,12,,10;14,0.0,
annotate_busby_phage_149,54,54,12,,,0.0,
annotate_busby_phage_15,55,55,9,,,0.0,
annotate_busby_phage_150,56,56,3,,,0.0,
annotate_busby_phage_151,57,57,58,,,0.0,
annotate_busby_phage_152,58,58,6,,,0.0,
annotate_busby_phage_153,59,59,5,,,0.0,
annotate_busby_phage_154,60,60,43,,,0.0,
annotate_busby_phage_155,61,61,48,,37;45,0.0,
annotate_busby_phage_156,62,62,20,44,,1.0,44.0
annotate_busby_phage_157,63,63,21,,42;47,0.0,
annotate_busby_phage_158,64,64,10,,,0.0,
annotate_busby_phage_159,65,65,12,,,0.0,
annotate_busby_phage_16,66,66,10,,,0.0,
annotate_busby_phage_160,67,67,54,,,0.0,
annotate_busby_phage_161,68,68,68,10,,1.0,10.0
annotate_busby_phage_162,69,69,29,,,0.0,
annotate_busby_phage_163,70,70,63,22,,1.0,22.0
annotate_busby_phage_164,71,71,4,,,0.0,
annotate_busby_phage_165,72,72,136,65,,1.0,65.0
annotate_busby_phage_166,73,73,3,,,0.0,
annotate_busby_phage_167,74,74,4,,,0.0,
annotate_busby_phage_168,75,75,4,,,0.0,
annotate_busby_phage_169,76,76,76,66,,1.0,66.0
annotate_busby_phage_17,77,77,5,,,0.0,
annotate_busby_phage_170,78,78,120,69,,1.0,69.0
annotate_busby_phage_171,79,79,53,,,0.0,
annotate_busby_phage_172,80,80,11,72,,1.0,72.0
annotate_busby_phage_173,81,81,3,,,0.0,
annotate_busby_phage_174,82,82,5,,,0.0,
annotate_busby_phage_175,83,83,15,12,,1.0,12.0
annotate_busby_phage_176,84,84,25,,,0.0,
annotate_busby_phage_177,85,85,34,,,0.0,
annotate_busby_phage_178,86,86,4,,,0.0,
annotate_busby_phage_179,87,87,58,80,,1.0,80.0
annotate_busby_phage_18,88,88,13,82,,1.0,82.0
annotate_busby_phage_180,89,89,3,,,0.0,
annotate_busby_phage_181,90,90,38,,,0.0,
annotate_busby_phage_182,91,91,25,37,,1.0,37.0
annotate_busby_phage_183,92,92,11,,,0.0,
annotate_busby_phage_184,93,93,16,84,,1.0,84.0
annotate_busby_phage_185,94,94,89,,,0.0,
annotate_busby_phage_186,95,95,41,,,0.0,
annotate_busby_phage_187,96,96,24,41,,1.0,41.0
annotate_busby_phage_188,97,97,6,,,0.0,
annotate_busby_phage_189,98,98,11,,,0.0,
annotate_busby_phage_19,99,99,9,86,,1.0,86.0
annotate_busby_phage_190,100,100,24,,,0.0,
annotate_busby_phage_191,101,101,33,,,0.0,
annotate_busby_phage_192,102,102,4,72,,1.0,72.0
annotate_busby_phage_193,103,103,104,71,,1.0,71.0
annotate_busby_phage_194,104,104,3,,,0.0,
annotate_busby_phage_195,105,105,2,94,,1.0,94.0
annotate_busby_phage_196,106,106,5,,,0.0,
annotate_busby_phage_197,107,107,32,,,0.0,
annotate_busby_phage_198,108,108,6,97,,1.0,97.0
annotate_busby_phage_199,109,109,11,99,,1.0,99.0
annotate_busby_phage_2,110,110,3,,,0.0,
annotate_busby_phage_20,111,111,8,,,0.0,
annotate_busby_phage_200,112,112,94,100,,1.0,100.0
annotate_busby_phage_201,113,113,50,,38;98,0.0,
annotate_busby_phage_202,114,114,5,100,,1.0,100.0
annotate_busby_phage_203,115,115,38,,,0.0,
annotate_busby_phage_204,116,116,15,76,,1.0,76.0
annotate_busby_phage_205,117,117,6,91,,1.0,91.0
annotate_busby_phage_206,118,118,11,,,0.0,
annotate_busby_phage_207,119,119,41,85,,1.0,85.0
annotate_busby_phage_208,120,120,25,105,,1.0,105.0
annotate_busby_phage_209,121,121,17,,,0.0,
annotate_busby_phage_21,122,122,44,,,0.0,
annotate_busby_phage_210,123,123,13,,42;47,0.0,
annotate_busby_phage_211,124,124,8,44,,1.0,44.0
annotate_busby_phage_212,125,125,27,12,,1.0,12.0
annotate_busby_phage_213,126,126,23,41,,1.0,41.0
annotate_busby_phage_214,127,127,15,10,,1.0,10.0
annotate_busby_phage_215,128,128,6,,,0.0,
annotate_busby_phage_216,129,129,24,,,0.0,
annotate_busby_phage_217,130,130,6,,,0.0,
annotate_busby_phage_218,131,131,27,,,0.0,
annotate_busby_phage_219,132,132,28,15,,1.0,15.0
annotate_busby_phage_22,133,133,34,,36;247,0.0,
annotate_busby_phage_220,134,134,8,,,0.0,
annotate_busby_phage_221,135,135,39,,,0.0,
annotate_busby_phage_222,136,136,3,,,0.0,
annotate_busby_phage_223,137,137,3,,,0.0,
annotate_busby_phage_224,138,138,6,,,0.0,
annotate_busby_phage_225,139,139,23,,,0.0,
annotate_busby_phage_226,140,140,27,,,0.0,
annotate_busby_phage_227,141,141,3,,,0.0,
annotate_busby_phage_228,142,142,5,,,0.0,
annotate_busby_phage_229,143,143,7,,,0.0,
annotate_busby_phage_23,144,144,6,111,,1.0,111.0
annotate_busby_phage_230,145,145,54,,,0.0,
annotate_busby_phage_231,146,146,32,,,0.0,
annotate_busby_phage_232,147,147,20,,,0.0,
annotate_busby_phage_233,148,148,67,114,,1.0,114.0
annotate_busby_phage_234,149,149,11,,,0.0,
annotate_busby_phage_235,150,150,5,,,0.0,
annotate_busby_phage_236,151,151,32,,,0.0,
annotate_busby_phage_237,152,152,27,,,0.0,
annotate_busby_phage_238,153,153,21,,,0.0,
annotate_busby_phage_239,154,154,20,,,0.0,
annotate_busby_phage_24,155,155,8,,,0.0,
annotate_busby_phage_240,156,156,9,,,0.0,
annotate_busby_phage_241,157,157,13,,,0.0,
annotate_busby_phage_242,158,158,21,15,,1.0,15.0
annotate_busby_phage_243,159,159,32,,,0.0,
annotate_busby_phage_244,160,160,14,15,,1.0,15.0
annotate_busby_phage_245,161,161,12,,,0.0,
annotate_busby_phage_246,162,162,9,,,0.0,
annotate_busby_phage_247,163,163,7,118,,1.0,118.0
annotate_busby_phage_248,164,164,3,,,0.0,
annotate_busby_phage_249,165,165,42,,,0.0,
annotate_busby_phage_25,166,166,4,,,0.0,
annotate_busby_phage_250,167,167,9,,10;14,0.0,
annotate_busby_phage_251,168,168,20,42,,1.0,42.0
annotate_busby_phage_252,169,169,53,,37;45;46,0.0,
annotate_busby_phage_253,170,170,8,85,,1.0,85.0
annotate_busby_phage_254,171,171,18,10,,1.0,10.0
annotate_busby_phage_255,172,172,10,,,0.0,
annotate_busby_phage_256,173,173,26,,,0.0,
annotate_busby_phage_257,174,174,44,,,0.0,
annotate_busby_phage_258,175,175,22,121,,1.0,121.0
annotate_busby_phage_259,176,176,5,,,0.0,
annotate_busby_phage_26,177,177,5,,,0.0,
annotate_busby_phage_260,178,178,21,121,,1.0,121.0
annotate_busby_phage_261,179,179,21,21,,1.0,21.0
annotate_busby_phage_262,180,180,29,21,,1.0,21.0
annotate_busby_phage_263,181,181,6,94,,1.0,94.0
annotate_busby_phage_264,182,182,9,,,0.0,
annotate_busby_phage_265,183,183,43,13,,1.0,13.0
annotate_busby_phage_266,184,184,36,,,0.0,
annotate_busby_phage_267,185,185,12,,,0.0,
annotate_busby_phage_268,186,186,40,,113;114,0.0,
annotate_busby_phage_269,187,187,75,125,,1.0,125.0
annotate_busby_phage_27,188,188,9,,,0.0,
annotate_busby_phage_270,189,189,4,126,,1.0,126.0
annotate_busby_phage_271,190,190,7,29,,1.0,29.0
annotate_busby_phage_272,191,191,4,,,0.0,
annotate_busby_phage_273,192,192,16,,,0.0,
annotate_busby_phage_274,193,193,61,29,,1.0,29.0
annotate_busby_phage_275,194,194,13,,,0.0,
annotate_busby_phage_276,195,195,26,,,0.0,
annotate_busby_phage_277,196,196,34,41,,1.0,41.0
annotate_busby_phage_278,197,197,20,,,0.0,
annotate_busby_phage_279,198,198,5,,,0.0,
annotate_busby_phage_28,199,199,11,25,,1.0,25.0
annotate_busby_phage_280,200,200,5,,,0.0,
annotate_busby_phage_281,201,201,20,,114;115,0.0,
annotate_busby_phage_282,202,202,7,,,0.0,
annotate_busby_phage_283,203,203,2,,,0.0,
annotate_busby_phage_284,204,204,28,115,,1.0,115.0
annotate_busby_phage_285,205,205,49,26,,1.0,26.0
annotate_busby_phage_286,206,206,45,13,,1.0,13.0
annotate_busby_phage_287,207,207,6,120,,1.0,120.0
annotate_busby_phage_288,208,208,32,6,,1.0,6.0
annotate_busby_phage_289,209,209,82,41,,1.0,41.0
annotate_busby_phage_29,210,210,10,,,0.0,
annotate_busby_phage_290,211,211,16,41,,1.0,41.0
annotate_busby_phage_291,212,212,26,41,,1.0,41.0
annotate_busby_phage_292,213,213,5,,,0.0,
annotate_busby_phage_293,214,214,36,121,,1.0,121.0
annotate_busby_phage_294,215,215,4,,,0.0,
annotate_busby_phage_295,216,216,2,,,0.0,
annotate_busby_phage_296,217,217,14,43,,1.0,43.0
annotate_busby_phage_297,218,218,14,43,,1.0,43.0
annotate_busby_phage_298,219,219,10,,,0.0,
annotate_busby_phage_299,220,220,6,16,,1.0,16.0
annotate_busby_phage_3,221,221,6,,,0.0,
annotate_busby_phage_30,222,222,8,,,0.0,
annotate_busby_phage_300,223,223,8,,,0.0,
annotate_busby_phage_301,224,224,22,,,0.0,
annotate_busby_phage_302,225,225,17,91,,1.0,91.0
annotate_busby_phage_303,226,226,89,,,0.0,
annotate_busby_phage_304,227,227,20,96,,1.0,96.0
annotate_busby_phage_305,228,228,41,,,0.0,
annotate_busby_phage_306,229,229,57,79,,1.0,79.0
annotate_busby_phage_307,230,230,8,,,0.0,
annotate_busby_phage_308,231,231,6,,,0.0,
annotate_busby_phage_309,232,232,14,,,0.0,
annotate_busby_phage_31,233,233,14,128,,1.0,128.0
annotate_busby_phage_310,234,234,7,,,0.0,
annotate_busby_phage_311,235,235,3,118,,1.0,118.0
annotate_busby_phage_312,236,236,3,,,0.0,
annotate_busby_phage_313,237,237,61,130,,1.0,130.0
annotate_busby_phage_314,238,238,4,,,0.0,
annotate_busby_phage_315,239,239,87,,,0.0,
annotate_busby_phage_316,240,240,14,,,0.0,
annotate_busby_phage_317,241,241,24,35,,1.0,35.0
annotate_busby_phage_318,242,242,25,,,0.0,
annotate_busby_phage_319,243,243,38,134,,1.0,134.0
annotate_busby_phage_32,244,244,6,,,0.0,
annotate_busby_phage_320,245,245,18,124,,1.0,124.0
annotate_busby_phage_321,246,246,4,,,0.0,
annotate_busby_phage_322,247,247,7,,,0.0,
annotate_busby_phage_323,248,248,47,,,0.0,
annotate_busby_phage_324,249,249,20,136,,1.0,136.0
annotate_busby_phage_325,250,250,10,137,,1.0,137.0
annotate_busby_phage_326,251,251,31,138,,1.0,138.0
annotate_busby_phage_327,252,252,7,,,0.0,
annotate_busby_phage_328,253,253,11,125,,1.0,125.0
annotate_busby_phage_329,254,254,12,,,0.0,
annotate_busby_phage_33,255,255,4,,,0.0,
annotate_busby_phage_330,256,256,3,,,0.0,
annotate_busby_phage_331,257,257,24,,,0.0,
annotate_busby_phage_332,258,258,48,,,0.0,
annotate_busby_phage_333,259,259,15,88,,1.0,88.0
annotate_busby_phage_334,260,260,11,,,0.0,
annotate_busby_phage_335,261,261,3,140,,1.0,140.0
annotate_busby_phage_336,262,262,7,,,0.0,
annotate_busby_phage_337,263,263,3,,,0.0,
annotate_busby_phage_338,264,264,9,141,,1.0,141.0
annotate_busby_phage_339,265,265,29,,,0.0,
annotate_busby_phage_34,266,266,34,,,0.0,
annotate_busby_phage_340,267,267,7,133,,1.0,133.0
annotate_busby_phage_341,268,268,7,133,,1.0,133.0
annotate_busby_phage_342,269,269,11,,,0.0,
annotate_busby_phage_343,270,270,19,135,,1.0,135.0
annotate_busby_phage_344,271,271,8,,,0.0,
annotate_busby_phage_345,272,272,77,,,0.0,
annotate_busby_phage_346,273,273,21,,113;114,0.0,
annotate_busby_phage_347,274,274,18,,,0.0,
annotate_busby_phage_348,275,275,34,,,0.0,
annotate_busby_phage_349,276,276,33,121,,1.0,121.0
annotate_busby_phage_35,277,277,12,143,,1.0,143.0
annotate_busby_phage_350,278,278,43,121,,1.0,121.0
annotate_busby_phage_351,279,279,23,84,,1.0,84.0
annotate_busby_phage_352,280,280,14,,,0.0,
annotate_busby_phage_353,281,281,5,8,,1.0,8.0
annotate_busby_phage_354,282,282,19,,,0.0,
annotate_busby_phage_355,283,283,12,,,0.0,
annotate_busby_phage_356,284,284,33,6,,1.0,6.0
annotate_busby_phage_357,285,285,33,,,0.0,
annotate_busby_phage_358,286,286,6,,,0.0,
annotate_busby_phage_359,287,287,8,66,,1.0,66.0
annotate_busby_phage_36,288,288,5,,,0.0,
annotate_busby_phage_360,289,289,8,66,,1.0,66.0
annotate_busby_phage_361,290,290,36,79,,1.0,79.0
annotate_busby_phage_362,291,291,27,,,0.0,
annotate_busby_phage_363,292,292,3,,,0.0,
annotate_busby_phage_364,293,293,9,145,,1.0,145.0
annotate_busby_phage_365,294,294,16,115,,1.0,115.0
annotate_busby_phage_366,295,295,5,,,0.0,
annotate_busby_phage_367,296,296,37,,,0.0,
annotate_busby_phage_368,297,297,10,,,0.0,
annotate_busby_phage_369,298,298,31,,,0.0,
annotate_busby_phage_37,299,299,7,147,,1.0,147.0
annotate_busby_phage_370,300,300,6,144,,1.0,144.0
annotate_busby_phage_371,301,301,11,,80;81,0.0,
annotate_busby_phage_372,302,302,9,,,0.0,
annotate_busby_phage_373,303,303,3,,,0.0,
annotate_busby_phage_374,304,304,10,6,,1.0,6.0
annotate_busby_phage_375,305,305,19,,,0.0,
annotate_busby_phage_376,306,306,3,,,0.0,
annotate_busby_phage_377,307,307,5,,,0.0,
annotate_busby_phage_378,308,308,19,,,0.0,
annotate_busby_phage_379,309,309,14,,,0.0,
annotate_busby_phage_38,310,310,14,148,,1.0,148.0
annotate_busby_phage_380,311,311,15,,,0.0,
annotate_busby_phage_381,312,312,20,149,,1.0,149.0
annotate_busby_phage_382,313,313,63,85,,1.0,85.0
annotate_busby_phage_383,314,314,9,,,0.0,
annotate_busby_phage_384,315,315,27,132,,1.0,132.0
annotate_busby_phage_385,316,316,22,151,,1.0,151.0
annotate_busby_phage_386,317,317,6,,,0.0,
annotate_busby_phage_387,318,318,11,,,0.0,
annotate_busby_phage_388,319,319,19,10,,1.0,10.0
annotate_busby_phage_389,320,320,17,152,,1.0,152.0
annotate_busby_phage_39,321,321,6,154,,1.0,154.0
annotate_busby_phage_390,322,322,15,,,0.0,
annotate_busby_phage_391,323,323,6,,,0.0,
annotate_busby_phage_392,324,324,9,,,0.0,
annotate_busby_phage_393,325,325,32,153,,1.0,153.0
annotate_busby_phage_394,326,326,28,,,0.0,
annotate_busby_phage_395,327,327,11,,,0.0,
annotate_busby_phage_396,328,328,14,0,,1.0,0.0
annotate_busby_phage_397,329,329,7,155,,1.0,155.0
annotate_busby_phage_398,330,330,27,,,0.0,
annotate_busby_phage_399,331,331,12,82,,1.0,82.0
annotate_busby_phage_4,332,332,5,,,0.0,
annotate_busby_phage_40,333,333,7,,,0.0,
annotate_busby_phage_400,334,334,8,86,,1.0,86.0
annotate_busby_phage_401,335,335,29,,36;247,0.0,
annotate_busby_phage_402,336,336,7,111,,1.0,111.0
annotate_busby_phage_403,337,337,13,25,,1.0,25.0
annotate_busby_phage_404,338,338,14,128,,1.0,128.0
annotate_busby_phage_405,339,339,4,,,0.0,
annotate_busby_phage_406,340,340,12,143,,1.0,143.0
annotate_busby_phage_407,341,341,14,148,,1.0,148.0
annotate_busby_phage_408,342,342,9,,61;63,0.0,
annotate_busby_phage_409,343,343,12,48,,1.0,48.0
annotate_busby_phage_41,344,344,7,,61;63,0.0,
annotate_busby_phage_410,345,345,9,129,,1.0,129.0
annotate_busby_phage_411,346,346,15,156,,1.0,156.0
annotate_busby_phage_412,347,347,17,157,,1.0,157.0
annotate_busby_phage_413,348,348,10,140,,1.0,140.0
annotate_busby_phage_414,349,349,9,158,,1.0,158.0
annotate_busby_phage_415,350,350,4,159,,1.0,159.0
annotate_busby_phage_416,351,351,7,144,,1.0,144.0
annotate_busby_phage_417,352,352,8,160,,1.0,160.0
annotate_busby_phage_418,353,353,9,,10;14,0.0,
annotate_busby_phage_419,354,354,6,,,0.0,
annotate_busby_phage_42,355,355,17,,,0.0,
annotate_busby_phage_420,356,356,15,,,0.0,
annotate_busby_phage_421,357,357,11,,,0.0,
annotate_busby_phage_422,358,358,3,2,,1.0,2.0
annotate_busby_phage_423,359,359,16,3,,1.0,3.0
annotate_busby_phage_424,360,360,8,5,,1.0,5.0
annotate_busby_phage_425,361,361,15,,,0.0,
annotate_busby_phage_426,362,362,5,8,,1.0,8.0
annotate_busby_phage_427,363,363,3,,,0.0,
annotate_busby_phage_428,364,364,14,20,,1.0,20.0
annotate_busby_phage_429,365,365,13,,,0.0,
annotate_busby_phage_43,366,366,14,48,,1.0,48.0
annotate_busby_phage_430,367,367,7,154,,1.0,154.0
annotate_busby_phage_431,368,368,25,59,,1.0,59.0
annotate_busby_phage_432,369,369,3,162,,1.0,162.0
annotate_busby_phage_433,370,370,45,,,0.0,
annotate_busby_phage_434,371,371,7,162,,1.0,162.0
annotate_busby_phage_435,372,372,4,77,,1.0,77.0
annotate_busby_phage_436,373,373,10,77,,1.0,77.0
annotate_busby_phage_437,374,374,4,,,0.0,
annotate_busby_phage_438,375,375,6,,,0.0,
annotate_busby_phage_439,376,376,4,,,0.0,
annotate_busby_phage_44,377,377,10,,,0.0,
annotate_busby_phage_440,378,378,8,150,,1.0,150.0
annotate_busby_phage_441,379,379,8,77,,1.0,77.0
annotate_busby_phage_442,380,380,13,77,,1.0,77.0
annotate_busby_phage_443,381,381,15,,,0.0,
annotate_busby_phage_444,382,382,10,140,,1.0,140.0
annotate_busby_phage_445,383,383,23,,,0.0,
annotate_busby_phage_446,384,384,7,,,0.0,
annotate_busby_phage_447,385,385,22,130,,1.0,130.0
annotate_busby_phage_448,386,386,6,,,0.0,
annotate_busby_phage_449,387,387,24,,,0.0,
annotate_busby_phage_45,388,388,15,,,0.0,
annotate_busby_phage_450,389,389,13,,,0.0,
annotate_busby_phage_451,390,390,53,,87;89,0.0,
annotate_busby_phage_452,391,391,22,,87;90;165,0.0,
annotate_busby_phage_453,392,392,76,,40;53,0.0,
annotate_busby_phage_454,393,393,8,,,0.0,
annotate_busby_phage_455,394,394,16,126,,1.0,126.0
annotate_busby_phage_456,395,395,13,58,,1.0,58.0
annotate_busby_phage_457,396,396,8,,,0.0,
annotate_busby_phage_458,397,397,7,96,,1.0,96.0
annotate_busby_phage_459,398,398,22,96,,1.0,96.0
annotate_busby_phage_46,399,399,9,129,,1.0,129.0
annotate_busby_phage_460,400,400,5,,,0.0,
annotate_busby_phage_461,401,401,49,18,,1.0,18.0
annotate_busby_phage_462,402,402,9,,,0.0,
annotate_busby_phage_463,403,403,5,,,0.0,
annotate_busby_phage_464,404,404,75,4,,1.0,4.0
annotate_busby_phage_465,405,405,5,,,0.0,
annotate_busby_phage_466,406,406,34,71,,1.0,71.0
annotate_busby_phage_467,407,407,58,56,,1.0,56.0
annotate_busby_phage_468,408,408,127,17,,1.0,17.0
annotate_busby_phage_469,409,409,55,,,0.0,
annotate_busby_phage_47,410,410,8,,,0.0,
annotate_busby_phage_470,411,411,97,34,,1.0,34.0
annotate_busby_phage_471,412,412,19,,,0.0,
annotate_busby_phage_472,413,413,72,55,,1.0,55.0
annotate_busby_phage_473,414,414,129,,37;45,0.0,
annotate_busby_phage_474,415,415,112,95,,1.0,95.0
annotate_busby_phage_475,416,416,102,,87;90;127,0.0,
annotate_busby_phage_476,417,417,99,35,,1.0,35.0
annotate_busby_phage_48,418,418,18,,,0.0,
annotate_busby_phage_49,419,419,10,147,,1.0,147.0
annotate_busby_phage_5,420,420,9,,,0.0,
annotate_busby_phage_50,421,421,5,,,0.0,
annotate_busby_phage_51,422,422,15,156,,1.0,156.0
annotate_busby_phage_52,423,423,17,157,,1.0,157.0
annotate_busby_phage_53,424,424,6,,,0.0,
annotate_busby_phage_54,425,425,12,,,0.0,
annotate_busby_phage_55,426,426,12,,,0.0,
annotate_busby_phage_56,427,427,14,,,0.0,
annotate_busby_phage_57,428,428,9,,,0.0,
annotate_busby_phage_58,429,429,4,,,0.0,
annotate_busby_phage_59,430,430,7,,,0.0,
annotate_busby_phage_6,431,431,9,,,0.0,
annotate_busby_phage_60,432,432,16,,,0.0,
annotate_busby_phage_61,433,433,22,,,0.0,
annotate_busby_phage_62,434,434,3,140,,1.0,140.0
annotate_busby_phage_63,435,435,3,,,0.0,
annotate_busby_phage_64,436,436,3,,,0.0,
annotate_busby_phage_65,437,437,12,,,0.0,
annotate_busby_phage_66,438,438,9,158,,1.0,158.0
annotate_busby_phage_67,439,439,6,,,0.0,
annotate_busby_phage_68,440,440,5,159,,1.0,159.0
annotate_busby_phage_69,441,441,7,144,,1.0,144.0
annotate_busby_phage_7,442,442,7,155,,1.0,155.0
annotate_busby_phage_70,443,443,6,,,0.0,
annotate_busby_phage_71,444,444,12,,,0.0,
annotate_busby_phage_73,445,445,4,,,0.0,
annotate_busby_phage_74,446,446,8,,,0.0,
annotate_busby_phage_75,447,447,11,,,0.0,
annotate_busby_phage_76,448,448,6,,,0.0,
annotate_busby_phage_77,449,449,4,,,0.0,
annotate_busby_phage_78,450,450,10,,,0.0,
annotate_busby_phage_79,451,451,8,160,,1.0,160.0
annotate_busby_phage_8,452,452,4,,,0.0,
annotate_busby_phage_80,453,453,3,,,0.0,
annotate_busby_phage_81,454,454,5,,,0.0,
annotate_busby_phage_82,455,455,11,,,0.0,
annotate_busby_phage_83,456,456,1,,,0.0,
annotate_busby_phage_84,457,457,9,,10;14,0.0,
annotate_busby_phage_85,458,458,11,,,0.0,
annotate_busby_phage_86,459,459,7,169,,1.0,169.0
annotate_busby_phage_87,460,460,6,,,0.0,
annotate_busby_phage_88,461,461,8,,,0.0,
annotate_busby_phage_89,462,462,7,29,,1.0,29.0
annotate_busby_phage_9,463,463,2,,,0.0,
annotate_busby_phage_90,464,464,10,150,,1.0,150.0
annotate_busby_phage_92,465,465,6,,,0.0,
annotate_busby_phage_93,466,466,10,,,0.0,
annotate_busby_phage_94,467,467,16,,,0.0,
annotate_busby_phage_95,468,468,18,,,0.0,
annotate_busby_phage_96,469,469,4,,,0.0,
annotate_busby_phage_97,470,470,46,,,0.0,
annotate_busby_phage_98,471,471,10,,,0.0,
annotate_busby_phage_99,472,472,4,,,0.0,
annotate_deboutte_phage_0,473,473,58,,40;53,0.0,
annotate_deboutte_phage_1,474,474,20,149,,1.0,149.0
annotate_deboutte_phage_10,475,475,15,28,,1.0,28.0
annotate_deboutte_phage_100,476,476,9,,,0.0,
annotate_deboutte_phage_101,477,477,6,,,0.0,
annotate_deboutte_phage_102,478,478,9,171,,1.0,171.0
annotate_deboutte_phage_103,479,479,19,,,0.0,
annotate_deboutte_phage_104,480,480,15,,,0.0,
annotate_deboutte_phage_105,481,481,24,132,,1.0,132.0
annotate_deboutte_phage_106,482,482,6,,,0.0,
annotate_deboutte_phage_107,483,483,4,,,0.0,
annotate_deboutte_phage_108,484,484,8,,,0.0,
annotate_deboutte_phage_109,485,485,17,174,,1.0,174.0
annotate_deboutte_phage_11,486,486,5,,,0.0,
annotate_deboutte_phage_110,487,487,17,,,0.0,
annotate_deboutte_phage_111,488,488,13,174,,1.0,174.0
annotate_deboutte_phage_112,489,489,8,,,0.0,
annotate_deboutte_phage_113,490,490,53,170,,1.0,170.0
annotate_deboutte_phage_114,491,491,13,,,0.0,
annotate_deboutte_phage_115,492,492,12,,179;180,0.0,
annotate_deboutte_phage_116,493,493,26,13,,1.0,13.0
annotate_deboutte_phage_117,494,494,19,58,,1.0,58.0
annotate_deboutte_phage_118,495,495,9,39,,1.0,39.0
annotate_deboutte_phage_119,496,496,8,151,,1.0,151.0
annotate_deboutte_phage_12,497,497,11,,,0.0,
annotate_deboutte_phage_120,498,498,21,,,0.0,
annotate_deboutte_phage_121,499,499,9,,,0.0,
annotate_deboutte_phage_122,500,500,10,,,0.0,
annotate_deboutte_phage_123,501,501,51,1,,1.0,1.0
annotate_deboutte_phage_124,502,502,17,,,0.0,
annotate_deboutte_phage_125,503,503,11,,,0.0,
annotate_deboutte_phage_126,504,504,12,,,0.0,
annotate_deboutte_phage_127,505,505,6,182,,1.0,182.0
annotate_deboutte_phage_128,506,506,6,,,0.0,
annotate_deboutte_phage_129,507,507,11,,183;216,0.0,
annotate_deboutte_phage_13,508,508,10,175,,1.0,175.0
annotate_deboutte_phage_130,509,509,15,18,,1.0,18.0
annotate_deboutte_phage_131,510,510,6,,,0.0,
annotate_deboutte_phage_132,511,511,10,,,0.0,
annotate_deboutte_phage_133,512,512,9,,,0.0,
annotate_deboutte_phage_134,513,513,14,58,,1.0,58.0
annotate_deboutte_phage_135,514,514,81,170,,1.0,170.0
annotate_deboutte_phage_136,515,515,54,26,,1.0,26.0
annotate_deboutte_phage_137,516,516,43,33,,1.0,33.0
annotate_deboutte_phage_138,517,517,32,,21;37,0.0,
annotate_deboutte_phage_139,518,518,28,,,0.0,
annotate_deboutte_phage_14,519,519,12,164,,1.0,164.0
annotate_deboutte_phage_140,520,520,11,,,0.0,
annotate_deboutte_phage_141,521,521,12,,37;45;46,0.0,
annotate_deboutte_phage_142,522,522,8,,,0.0,
annotate_deboutte_phage_143,523,523,10,42,,1.0,42.0
annotate_deboutte_phage_144,524,524,7,,,0.0,
annotate_deboutte_phage_145,525,525,4,,,0.0,
annotate_deboutte_phage_146,526,526,7,121,,1.0,121.0
annotate_deboutte_phage_147,527,527,9,97,,1.0,97.0
annotate_deboutte_phage_148,528,528,87,186,,1.0,186.0
annotate_deboutte_phage_149,529,529,64,,40;53,0.0,
annotate_deboutte_phage_15,530,530,8,,,0.0,
annotate_deboutte_phage_150,531,531,70,13,,1.0,13.0
annotate_deboutte_phage_151,532,532,56,26,,1.0,26.0
annotate_deboutte_phage_152,533,533,47,40,,1.0,40.0
annotate_deboutte_phage_153,534,534,29,1,,1.0,1.0
annotate_deboutte_phage_154,535,535,40,,,0.0,
annotate_deboutte_phage_155,536,536,27,,,0.0,
annotate_deboutte_phage_156,537,537,11,21,,1.0,21.0
annotate_deboutte_phage_157,538,538,11,,76;103,0.0,
annotate_deboutte_phage_158,539,539,12,,,0.0,
annotate_deboutte_phage_159,540,540,11,,,0.0,
annotate_deboutte_phage_16,541,541,14,,,0.0,
annotate_deboutte_phage_160,542,542,9,,,0.0,
annotate_deboutte_phage_161,543,543,12,,,0.0,
annotate_deboutte_phage_162,544,544,9,,,0.0,
annotate_deboutte_phage_163,545,545,30,138,,1.0,138.0
annotate_deboutte_phage_164,546,546,19,,,0.0,
annotate_deboutte_phage_165,547,547,18,34,,1.0,34.0
annotate_deboutte_phage_166,548,548,14,,,0.0,
annotate_deboutte_phage_167,549,549,7,190,,1.0,190.0
annotate_deboutte_phage_168,550,550,10,192,,1.0,192.0
annotate_deboutte_phage_169,551,551,11,,,0.0,
annotate_deboutte_phage_17,552,552,4,,,0.0,
annotate_deboutte_phage_170,553,553,4,,,0.0,
annotate_deboutte_phage_171,554,554,8,136,,1.0,136.0
annotate_deboutte_phage_172,555,555,5,,,0.0,
annotate_deboutte_phage_173,556,556,12,,,0.0,
annotate_deboutte_phage_174,557,557,49,132,,1.0,132.0
annotate_deboutte_phage_175,558,558,2,,,0.0,
annotate_deboutte_phage_176,559,559,11,,,0.0,
annotate_deboutte_phage_177,560,560,8,,,0.0,
annotate_deboutte_phage_178,561,561,271,195,,1.0,195.0
annotate_deboutte_phage_179,562,562,70,196,,1.0,196.0
annotate_deboutte_phage_18,563,563,9,,,0.0,
annotate_deboutte_phage_180,564,564,93,121,,1.0,121.0
annotate_deboutte_phage_181,565,565,68,,37;45;46;49,0.0,
annotate_deboutte_phage_182,566,566,83,,83;185,0.0,
annotate_deboutte_phage_183,567,567,53,199,,1.0,199.0
annotate_deboutte_phage_184,568,568,61,199,,1.0,199.0
annotate_deboutte_phage_185,569,569,75,,37;45;46;49,0.0,
annotate_deboutte_phage_186,570,570,75,187,,1.0,187.0
annotate_deboutte_phage_187,571,571,53,199,,1.0,199.0
annotate_deboutte_phage_188,572,572,73,187,,1.0,187.0
annotate_deboutte_phage_189,573,573,63,203,,1.0,203.0
annotate_deboutte_phage_19,574,574,7,89,,1.0,89.0
annotate_deboutte_phage_190,575,575,50,142,,1.0,142.0
annotate_deboutte_phage_191,576,576,40,104,,1.0,104.0
annotate_deboutte_phage_192,577,577,54,112,,1.0,112.0
annotate_deboutte_phage_193,578,578,50,68,,1.0,68.0
annotate_deboutte_phage_194,579,579,32,186,,1.0,186.0
annotate_deboutte_phage_195,580,580,50,104,,1.0,104.0
annotate_deboutte_phage_196,581,581,42,138,,1.0,138.0
annotate_deboutte_phage_197,582,582,57,,,0.0,
annotate_deboutte_phage_198,583,583,53,186,,1.0,186.0
annotate_deboutte_phage_199,584,584,54,187,,1.0,187.0
annotate_deboutte_phage_2,585,585,18,,,0.0,
annotate_deboutte_phage_20,586,586,9,127,,1.0,127.0
annotate_deboutte_phage_200,587,587,23,186,,1.0,186.0
annotate_deboutte_phage_201,588,588,29,,22;24,0.0,
annotate_deboutte_phage_202,589,589,41,112,,1.0,112.0
annotate_deboutte_phage_203,590,590,34,204,,1.0,204.0
annotate_deboutte_phage_204,591,591,19,,,0.0,
annotate_deboutte_phage_205,592,592,26,200,,1.0,200.0
annotate_deboutte_phage_206,593,593,29,,200;209,0.0,
annotate_deboutte_phage_207,594,594,35,9,,1.0,9.0
annotate_deboutte_phage_208,595,595,21,199,,1.0,199.0
annotate_deboutte_phage_209,596,596,23,,,0.0,
annotate_deboutte_phage_21,597,597,8,141,,1.0,141.0
annotate_deboutte_phage_210,598,598,27,,,0.0,
annotate_deboutte_phage_211,599,599,38,,200;208;209,0.0,
annotate_deboutte_phage_212,600,600,27,166,,1.0,166.0
annotate_deboutte_phage_213,601,601,21,213,,1.0,213.0
annotate_deboutte_phage_214,602,602,33,201,,1.0,201.0
annotate_deboutte_phage_215,603,603,36,,,0.0,
annotate_deboutte_phage_216,604,604,32,,,0.0,
annotate_deboutte_phage_217,605,605,22,,,0.0,
annotate_deboutte_phage_218,606,606,24,169,,1.0,169.0
annotate_deboutte_phage_219,607,607,14,215,,1.0,215.0
annotate_deboutte_phage_22,608,608,10,168,,1.0,168.0
annotate_deboutte_phage_220,609,609,20,,,0.0,
annotate_deboutte_phage_221,610,610,22,142,,1.0,142.0
annotate_deboutte_phage_222,611,611,33,,,0.0,
annotate_deboutte_phage_223,612,612,30,,,0.0,
annotate_deboutte_phage_224,613,613,22,,,0.0,
annotate_deboutte_phage_225,614,614,18,112,,1.0,112.0
annotate_deboutte_phage_226,615,615,24,,,0.0,
annotate_deboutte_phage_227,616,616,14,199,,1.0,199.0
annotate_deboutte_phage_228,617,617,18,104,,1.0,104.0
annotate_deboutte_phage_229,618,618,25,216,,1.0,216.0
annotate_deboutte_phage_23,619,619,6,,,0.0,
annotate_deboutte_phage_230,620,620,29,,,0.0,
annotate_deboutte_phage_231,621,621,16,166,,1.0,166.0
annotate_deboutte_phage_232,622,622,23,,,0.0,
annotate_deboutte_phage_233,623,623,12,,,0.0,
annotate_deboutte_phage_234,624,624,19,217,,1.0,217.0
annotate_deboutte_phage_235,625,625,15,,,0.0,
annotate_deboutte_phage_236,626,626,23,,,0.0,
annotate_deboutte_phage_237,627,627,20,100,,1.0,100.0
annotate_deboutte_phage_238,628,628,26,,,0.0,
annotate_deboutte_phage_239,629,629,14,,37;45;46,0.0,
annotate_deboutte_phage_24,630,630,7,59,,1.0,59.0
annotate_deboutte_phage_240,631,631,13,,37;45;46,0.0,
annotate_deboutte_phage_241,632,632,23,,200;208;209,0.0,
annotate_deboutte_phage_242,633,633,26,,,0.0,
annotate_deboutte_phage_243,634,634,14,,,0.0,
annotate_deboutte_phage_244,635,635,18,,,0.0,
annotate_deboutte_phage_245,636,636,13,,,0.0,
annotate_deboutte_phage_246,637,637,8,,,0.0,
annotate_deboutte_phage_247,638,638,26,,,0.0,
annotate_deboutte_phage_248,639,639,18,218,,1.0,218.0
annotate_deboutte_phage_249,640,640,9,,,0.0,
annotate_deboutte_phage_25,641,641,9,,,0.0,
annotate_deboutte_phage_250,642,642,17,201,,1.0,201.0
annotate_deboutte_phage_251,643,643,17,,,0.0,
annotate_deboutte_phage_252,644,644,16,,,0.0,
annotate_deboutte_phage_253,645,645,29,220,,1.0,220.0
annotate_deboutte_phage_254,646,646,18,,,0.0,
annotate_deboutte_phage_255,647,647,13,119,,1.0,119.0
annotate_deboutte_phage_256,648,648,8,166,,1.0,166.0
annotate_deboutte_phage_257,649,649,15,,,0.0,
annotate_deboutte_phage_258,650,650,7,166,,1.0,166.0
annotate_deboutte_phage_259,651,651,19,,,0.0,
annotate_deboutte_phage_26,652,652,3,,,0.0,
annotate_deboutte_phage_260,653,653,11,41,,1.0,41.0
annotate_deboutte_phage_261,654,654,7,,,0.0,
annotate_deboutte_phage_262,655,655,7,99,,1.0,99.0
annotate_deboutte_phage_263,656,656,24,50,,1.0,50.0
annotate_deboutte_phage_264,657,657,9,205,,1.0,205.0
annotate_deboutte_phage_265,658,658,13,,,0.0,
annotate_deboutte_phage_266,659,659,15,218,,1.0,218.0
annotate_deboutte_phage_267,660,660,10,,,0.0,
annotate_deboutte_phage_268,661,661,18,,,0.0,
annotate_deboutte_phage_269,662,662,16,,200;209,0.0,
annotate_deboutte_phage_27,663,663,5,,,0.0,
annotate_deboutte_phage_270,664,664,12,161,,1.0,161.0
annotate_deboutte_phage_271,665,665,24,,,0.0,
annotate_deboutte_phage_272,666,666,19,221,,1.0,221.0
annotate_deboutte_phage_273,667,667,11,,,0.0,
annotate_deboutte_phage_274,668,668,10,,,0.0,
annotate_deboutte_phage_275,669,669,8,,,0.0,
annotate_deboutte_phage_276,670,670,8,,,0.0,
annotate_deboutte_phage_277,671,671,10,201,,1.0,201.0
annotate_deboutte_phage_278,672,672,14,,,0.0,
annotate_deboutte_phage_279,673,673,8,,,0.0,
annotate_deboutte_phage_28,674,674,8,41,,1.0,41.0
annotate_deboutte_phage_280,675,675,12,,,0.0,
annotate_deboutte_phage_281,676,676,5,,,0.0,
annotate_deboutte_phage_282,677,677,10,,,0.0,
annotate_deboutte_phage_283,678,678,15,,,0.0,
annotate_deboutte_phage_284,679,679,17,,,0.0,
annotate_deboutte_phage_285,680,680,11,,,0.0,
annotate_deboutte_phage_286,681,681,20,,,0.0,
annotate_deboutte_phage_287,682,682,11,,,0.0,
annotate_deboutte_phage_288,683,683,21,221,,1.0,221.0
annotate_deboutte_phage_289,684,684,9,196,,1.0,196.0
annotate_deboutte_phage_29,685,685,11,,,0.0,
annotate_deboutte_phage_290,686,686,5,207,,1.0,207.0
annotate_deboutte_phage_291,687,687,23,,,0.0,
annotate_deboutte_phage_292,688,688,18,,,0.0,
annotate_deboutte_phage_293,689,689,13,,,0.0,
annotate_deboutte_phage_294,690,690,9,,,0.0,
annotate_deboutte_phage_295,691,691,6,166,,1.0,166.0
annotate_deboutte_phage_296,692,692,14,,,0.0,
annotate_deboutte_phage_297,693,693,5,,,0.0,
annotate_deboutte_phage_298,694,694,6,200,,1.0,200.0
annotate_deboutte_phage_299,695,695,7,205,,1.0,205.0
annotate_deboutte_phage_3,696,696,15,163,,1.0,163.0
annotate_deboutte_phage_30,697,697,11,,,0.0,
annotate_deboutte_phage_300,698,698,19,223,,1.0,223.0
annotate_deboutte_phage_301,699,699,14,,,0.0,
annotate_deboutte_phage_302,700,700,16,,,0.0,
annotate_deboutte_phage_303,701,701,3,207,,1.0,207.0
annotate_deboutte_phage_304,702,702,8,,,0.0,
annotate_deboutte_phage_305,703,703,2,,,0.0,
annotate_deboutte_phage_306,704,704,16,221,,1.0,221.0
annotate_deboutte_phage_307,705,705,10,,,0.0,
annotate_deboutte_phage_308,706,706,11,,,0.0,
annotate_deboutte_phage_309,707,707,18,,,0.0,
annotate_deboutte_phage_31,708,708,11,133,,1.0,133.0
annotate_deboutte_phage_310,709,709,16,,,0.0,
annotate_deboutte_phage_311,710,710,13,,,0.0,
annotate_deboutte_phage_312,711,711,6,99,,1.0,99.0
annotate_deboutte_phage_313,712,712,8,,,0.0,
annotate_deboutte_phage_314,713,713,11,,,0.0,
annotate_deboutte_phage_315,714,714,5,166,,1.0,166.0
annotate_deboutte_phage_316,715,715,8,,,0.0,
annotate_deboutte_phage_317,716,716,7,205,,1.0,205.0
annotate_deboutte_phage_318,717,717,11,,,0.0,
annotate_deboutte_phage_319,718,718,14,50,,1.0,50.0
annotate_deboutte_phage_32,719,719,38,73,,1.0,73.0
annotate_deboutte_phage_320,720,720,15,223,,1.0,223.0
annotate_deboutte_phage_321,721,721,10,,,0.0,
annotate_deboutte_phage_322,722,722,7,,,0.0,
annotate_deboutte_phage_323,723,723,6,,,0.0,
annotate_deboutte_phage_324,724,724,12,,,0.0,
annotate_deboutte_phage_325,725,725,9,,,0.0,
annotate_deboutte_phage_326,726,726,16,220,,1.0,220.0
annotate_deboutte_phage_327,727,727,8,202,,1.0,202.0
annotate_deboutte_phage_328,728,728,6,,,0.0,
annotate_deboutte_phage_329,729,729,6,207,,1.0,207.0
annotate_deboutte_phage_33,730,730,18,,87;90,0.0,
annotate_deboutte_phage_330,731,731,6,,,0.0,
annotate_deboutte_phage_331,732,732,10,,,0.0,
annotate_deboutte_phage_332,733,733,5,,,0.0,
annotate_deboutte_phage_333,734,734,16,,,0.0,
annotate_deboutte_phage_334,735,735,5,96,,1.0,96.0
annotate_deboutte_phage_335,736,736,12,,,0.0,
annotate_deboutte_phage_336,737,737,9,,,0.0,
annotate_deboutte_phage_337,738,738,11,,,0.0,
annotate_deboutte_phage_338,739,739,7,,,0.0,
annotate_deboutte_phage_339,740,740,15,,,0.0,
annotate_deboutte_phage_34,741,741,22,106,,1.0,106.0
annotate_deboutte_phage_340,742,742,7,137,,1.0,137.0
annotate_deboutte_phage_341,743,743,10,9,,1.0,9.0
annotate_deboutte_phage_342,744,744,7,,,0.0,
annotate_deboutte_phage_343,745,745,4,,,0.0,
annotate_deboutte_phage_344,746,746,8,,,0.0,
annotate_deboutte_phage_345,747,747,4,227,,1.0,227.0
annotate_deboutte_phage_346,748,748,5,,,0.0,
annotate_deboutte_phage_347,749,749,10,,,0.0,
annotate_deboutte_phage_348,750,750,11,,,0.0,
annotate_deboutte_phage_349,751,751,5,203,,1.0,203.0
annotate_deboutte_phage_35,752,752,23,194,,1.0,194.0
annotate_deboutte_phage_350,753,753,6,215,,1.0,215.0
annotate_deboutte_phage_351,754,754,7,,,0.0,
annotate_deboutte_phage_352,755,755,6,,,0.0,
annotate_deboutte_phage_353,756,756,6,,,0.0,
annotate_deboutte_phage_354,757,757,4,203,,1.0,203.0
annotate_deboutte_phage_355,758,758,14,,,0.0,
annotate_deboutte_phage_356,759,759,7,202,,1.0,202.0
annotate_deboutte_phage_357,760,760,5,120,,1.0,120.0
annotate_deboutte_phage_358,761,761,8,,200;209;210,0.0,
annotate_deboutte_phage_359,762,762,4,,,0.0,
annotate_deboutte_phage_36,763,763,11,62,,1.0,62.0
annotate_deboutte_phage_360,764,764,3,,,0.0,
annotate_deboutte_phage_361,765,765,11,,,0.0,
annotate_deboutte_phage_362,766,766,3,,,0.0,
annotate_deboutte_phage_363,767,767,15,,,0.0,
annotate_deboutte_phage_364,768,768,8,229,,1.0,229.0
annotate_deboutte_phage_365,769,769,15,,,0.0,
annotate_deboutte_phage_366,770,770,18,,,0.0,
annotate_deboutte_phage_367,771,771,5,123,,1.0,123.0
annotate_deboutte_phage_368,772,772,12,16,,1.0,16.0
annotate_deboutte_phage_369,773,773,50,194,,1.0,194.0
annotate_deboutte_phage_37,774,774,11,64,,1.0,64.0
annotate_deboutte_phage_370,775,775,49,40,,1.0,40.0
annotate_deboutte_phage_371,776,776,21,,87;89,0.0,
annotate_deboutte_phage_372,777,777,37,73,,1.0,73.0
annotate_deboutte_phage_373,778,778,16,,87;90,0.0,
annotate_deboutte_phage_374,779,779,16,145,,1.0,145.0
annotate_deboutte_phage_375,780,780,18,,87;90;127,0.0,
annotate_deboutte_phage_376,781,781,27,105,,1.0,105.0
annotate_deboutte_phage_377,782,782,16,,,0.0,
annotate_deboutte_phage_378,783,783,10,164,,1.0,164.0
annotate_deboutte_phage_379,784,784,12,,,0.0,
annotate_deboutte_phage_38,785,785,9,,,0.0,
annotate_deboutte_phage_380,786,786,5,,,0.0,
annotate_deboutte_phage_381,787,787,11,,,0.0,
annotate_deboutte_phage_382,788,788,4,,,0.0,
annotate_deboutte_phage_383,789,789,4,107,,1.0,107.0
annotate_deboutte_phage_384,790,790,9,168,,1.0,168.0
annotate_deboutte_phage_385,791,791,4,,,0.0,
annotate_deboutte_phage_386,792,792,8,,211;228,0.0,
annotate_deboutte_phage_387,793,793,6,,211;228,0.0,
annotate_deboutte_phage_388,794,794,7,,,0.0,
annotate_deboutte_phage_389,795,795,7,120,,1.0,120.0
annotate_deboutte_phage_39,796,796,16,,,0.0,
annotate_deboutte_phage_390,797,797,50,34,,1.0,34.0
annotate_deboutte_phage_391,798,798,43,,,0.0,
annotate_deboutte_phage_392,799,799,30,73,,1.0,73.0
annotate_deboutte_phage_393,800,800,23,,,0.0,
annotate_deboutte_phage_394,801,801,16,114,,1.0,114.0
annotate_deboutte_phage_395,802,802,9,,,0.0,
annotate_deboutte_phage_396,803,803,8,,,0.0,
annotate_deboutte_phage_397,804,804,11,27,,1.0,27.0
annotate_deboutte_phage_398,805,805,8,6,,1.0,6.0
annotate_deboutte_phage_399,806,806,23,132,,1.0,132.0
annotate_deboutte_phage_4,807,807,20,,,0.0,
annotate_deboutte_phage_40,808,808,4,,,0.0,
annotate_deboutte_phage_400,809,809,9,,,0.0,
annotate_deboutte_phage_401,810,810,20,,,0.0,
annotate_deboutte_phage_402,811,811,21,30,,1.0,30.0
annotate_deboutte_phage_403,812,812,10,167,,1.0,167.0
annotate_deboutte_phage_404,813,813,4,107,,1.0,107.0
annotate_deboutte_phage_405,814,814,8,96,,1.0,96.0
annotate_deboutte_phage_406,815,815,13,,,0.0,
annotate_deboutte_phage_407,816,816,9,,,0.0,
annotate_deboutte_phage_408,817,817,8,,,0.0,
annotate_deboutte_phage_409,818,818,9,,,0.0,
annotate_deboutte_phage_41,819,819,10,,,0.0,
annotate_deboutte_phage_410,820,820,6,,,0.0,
annotate_deboutte_phage_411,821,821,12,,,0.0,
annotate_deboutte_phage_412,822,822,7,190,,1.0,190.0
annotate_deboutte_phage_413,823,823,6,28,,1.0,28.0
annotate_deboutte_phage_414,824,824,11,,,0.0,
annotate_deboutte_phage_415,825,825,4,,,0.0,
annotate_deboutte_phage_416,826,826,10,,,0.0,
annotate_deboutte_phage_417,827,827,9,,,0.0,
annotate_deboutte_phage_418,828,828,74,,37;45;46;49,0.0,
annotate_deboutte_phage_419,829,829,62,73,,1.0,73.0
annotate_deboutte_phage_42,830,830,5,165,,1.0,165.0
annotate_deboutte_phage_420,831,831,67,,,0.0,
annotate_deboutte_phage_421,832,832,60,22,,1.0,22.0
annotate_deboutte_phage_422,833,833,60,228,,1.0,228.0
annotate_deboutte_phage_423,834,834,46,,38;98,0.0,
annotate_deboutte_phage_424,835,835,54,232,,1.0,232.0
annotate_deboutte_phage_425,836,836,29,,,0.0,
annotate_deboutte_phage_426,837,837,36,,,0.0,
annotate_deboutte_phage_427,838,838,35,73,,1.0,73.0
annotate_deboutte_phage_428,839,839,35,,76;103,0.0,
annotate_deboutte_phage_429,840,840,30,17,,1.0,17.0
annotate_deboutte_phage_43,841,841,6,,,0.0,
annotate_deboutte_phage_430,842,842,29,18,,1.0,18.0
annotate_deboutte_phage_431,843,843,22,122,,1.0,122.0
annotate_deboutte_phage_432,844,844,17,233,,1.0,233.0
annotate_deboutte_phage_433,845,845,32,,,0.0,
annotate_deboutte_phage_434,846,846,34,,,0.0,
annotate_deboutte_phage_435,847,847,16,196,,1.0,196.0
annotate_deboutte_phage_436,848,848,21,35,,1.0,35.0
annotate_deboutte_phage_437,849,849,18,,,0.0,
annotate_deboutte_phage_438,850,850,15,,,0.0,
annotate_deboutte_phage_439,851,851,26,,,0.0,
annotate_deboutte_phage_44,852,852,6,182,,1.0,182.0
annotate_deboutte_phage_440,853,853,10,,,0.0,
annotate_deboutte_phage_441,854,854,12,234,,1.0,234.0
annotate_deboutte_phage_442,855,855,13,,,0.0,
annotate_deboutte_phage_443,856,856,11,,,0.0,
annotate_deboutte_phage_444,857,857,10,,,0.0,
annotate_deboutte_phage_445,858,858,10,236,,1.0,236.0
annotate_deboutte_phage_446,859,859,12,204,,1.0,204.0
annotate_deboutte_phage_447,860,860,19,,,0.0,
annotate_deboutte_phage_448,861,861,13,,,0.0,
annotate_deboutte_phage_449,862,862,19,,183;216,0.0,
annotate_deboutte_phage_45,863,863,7,163,,1.0,163.0
annotate_deboutte_phage_450,864,864,9,167,,1.0,167.0
annotate_deboutte_phage_451,865,865,20,,,0.0,
annotate_deboutte_phage_452,866,866,14,,,0.0,
annotate_deboutte_phage_453,867,867,9,140,,1.0,140.0
annotate_deboutte_phage_454,868,868,16,,,0.0,
annotate_deboutte_phage_455,869,869,11,15,,1.0,15.0
annotate_deboutte_phage_456,870,870,10,,,0.0,
annotate_deboutte_phage_457,871,871,9,,,0.0,
annotate_deboutte_phage_458,872,872,11,,,0.0,
annotate_deboutte_phage_459,873,873,12,,,0.0,
annotate_deboutte_phage_46,874,874,2,,,0.0,
annotate_deboutte_phage_460,875,875,4,236,,1.0,236.0
annotate_deboutte_phage_461,876,876,15,,,0.0,
annotate_deboutte_phage_462,877,877,6,,,0.0,
annotate_deboutte_phage_463,878,878,10,,,0.0,
annotate_deboutte_phage_464,879,879,7,,,0.0,
annotate_deboutte_phage_465,880,880,9,,,0.0,
annotate_deboutte_phage_466,881,881,13,,,0.0,
annotate_deboutte_phage_467,882,882,7,11,,1.0,11.0
annotate_deboutte_phage_468,883,883,13,,,0.0,
annotate_deboutte_phage_469,884,884,41,33,,1.0,33.0
annotate_deboutte_phage_47,885,885,38,,,0.0,
annotate_deboutte_phage_470,886,886,64,73,,1.0,73.0
annotate_deboutte_phage_471,887,887,46,80,,1.0,80.0
annotate_deboutte_phage_472,888,888,15,6,,1.0,6.0
annotate_deboutte_phage_473,889,889,14,197,,1.0,197.0
annotate_deboutte_phage_474,890,890,11,,,0.0,
annotate_deboutte_phage_475,891,891,8,119,,1.0,119.0
annotate_deboutte_phage_476,892,892,12,,,0.0,
annotate_deboutte_phage_477,893,893,9,,,0.0,
annotate_deboutte_phage_478,894,894,12,,,0.0,
annotate_deboutte_phage_479,895,895,10,,,0.0,
annotate_deboutte_phage_48,896,896,7,120,,1.0,120.0
annotate_deboutte_phage_480,897,897,9,,,0.0,
annotate_deboutte_phage_481,898,898,7,,,0.0,
annotate_deboutte_phage_482,899,899,10,,,0.0,
annotate_deboutte_phage_483,900,900,9,41,,1.0,41.0
annotate_deboutte_phage_484,901,901,70,13,,1.0,13.0
annotate_deboutte_phage_485,902,902,22,18,,1.0,18.0
annotate_deboutte_phage_486,903,903,27,35,,1.0,35.0
annotate_deboutte_phage_487,904,904,17,,,0.0,
annotate_deboutte_phage_488,905,905,13,237,,1.0,237.0
annotate_deboutte_phage_489,906,906,11,,,0.0,
annotate_deboutte_phage_49,907,907,9,,,0.0,
annotate_deboutte_phage_490,908,908,10,76,,1.0,76.0
annotate_deboutte_phage_491,909,909,8,41,,1.0,41.0
annotate_deboutte_phage_492,910,910,40,,,0.0,
annotate_deboutte_phage_493,911,911,44,,,0.0,
annotate_deboutte_phage_494,912,912,8,,,0.0,
annotate_deboutte_phage_495,913,913,22,,,0.0,
annotate_deboutte_phage_496,914,914,12,,,0.0,
annotate_deboutte_phage_497,915,915,8,,,0.0,
annotate_deboutte_phage_498,916,916,7,120,,1.0,120.0
annotate_deboutte_phage_499,917,917,9,,,0.0,
annotate_deboutte_phage_5,918,918,14,,,0.0,
annotate_deboutte_phage_50,919,919,13,16,,1.0,16.0
annotate_deboutte_phage_500,920,920,7,,,0.0,
annotate_deboutte_phage_501,921,921,12,99,,1.0,99.0
annotate_deboutte_phage_502,922,922,10,28,,1.0,28.0
annotate_deboutte_phage_503,923,923,12,102,,1.0,102.0
annotate_deboutte_phage_504,924,924,4,101,,1.0,101.0
annotate_deboutte_phage_505,925,925,53,26,,1.0,26.0
annotate_deboutte_phage_506,926,926,38,73,,1.0,73.0
annotate_deboutte_phage_507,927,927,11,,,0.0,
annotate_deboutte_phage_508,928,928,21,73,,1.0,73.0
annotate_deboutte_phage_509,929,929,13,,,0.0,
annotate_deboutte_phage_51,930,930,62,13,,1.0,13.0
annotate_deboutte_phage_510,931,931,7,237,,1.0,237.0
annotate_deboutte_phage_511,932,932,89,181,,1.0,181.0
annotate_deboutte_phage_512,933,933,38,170,,1.0,170.0
annotate_deboutte_phage_513,934,934,7,85,,1.0,85.0
annotate_deboutte_phage_514,935,935,7,,,0.0,
annotate_deboutte_phage_515,936,936,187,7,,1.0,7.0
annotate_deboutte_phage_516,937,937,23,38,,1.0,38.0
annotate_deboutte_phage_517,938,938,26,35,,1.0,35.0
annotate_deboutte_phage_518,939,939,18,18,,1.0,18.0
annotate_deboutte_phage_519,940,940,21,10,,1.0,10.0
annotate_deboutte_phage_52,941,941,62,,,0.0,
annotate_deboutte_phage_520,942,942,16,232,,1.0,232.0
annotate_deboutte_phage_521,943,943,13,,,0.0,
annotate_deboutte_phage_522,944,944,13,,200;209;210,0.0,
annotate_deboutte_phage_523,945,945,14,,,0.0,
annotate_deboutte_phage_524,946,946,12,73,,1.0,73.0
annotate_deboutte_phage_525,947,947,13,,,0.0,
annotate_deboutte_phage_526,948,948,7,,,0.0,
annotate_deboutte_phage_527,949,949,12,,,0.0,
annotate_deboutte_phage_528,950,950,8,,,0.0,
annotate_deboutte_phage_529,951,951,3,,,0.0,
annotate_deboutte_phage_53,952,952,34,176,,1.0,176.0
annotate_deboutte_phage_530,953,953,7,,,0.0,
annotate_deboutte_phage_531,954,954,12,,,0.0,
annotate_deboutte_phage_532,955,955,10,,10;14,0.0,
annotate_deboutte_phage_533,956,956,9,,,0.0,
annotate_deboutte_phage_534,957,957,19,142,,1.0,142.0
annotate_deboutte_phage_535,958,958,13,,,0.0,
annotate_deboutte_phage_536,959,959,9,135,,1.0,135.0
annotate_deboutte_phage_54,960,960,8,175,,1.0,175.0
annotate_deboutte_phage_55,961,961,20,,176;240,0.0,
annotate_deboutte_phage_56,962,962,26,,45;46,0.0,
annotate_deboutte_phage_57,963,963,14,,,0.0,
annotate_deboutte_phage_58,964,964,13,,,0.0,
annotate_deboutte_phage_59,965,965,10,227,,1.0,227.0
annotate_deboutte_phage_6,966,966,25,,,0.0,
annotate_deboutte_phage_60,967,967,14,18,,1.0,18.0
annotate_deboutte_phage_61,968,968,6,,,0.0,
annotate_deboutte_phage_62,969,969,13,198,,1.0,198.0
annotate_deboutte_phage_63,970,970,15,,,0.0,
annotate_deboutte_phage_64,971,971,9,119,,1.0,119.0
annotate_deboutte_phage_65,972,972,5,,,0.0,
annotate_deboutte_phage_66,973,973,3,,,0.0,
annotate_deboutte_phage_67,974,974,12,,,0.0,
annotate_deboutte_phage_68,975,975,7,,,0.0,
annotate_deboutte_phage_69,976,976,7,198,,1.0,198.0
annotate_deboutte_phage_7,977,977,15,,,0.0,
annotate_deboutte_phage_70,978,978,9,35,,1.0,35.0
annotate_deboutte_phage_71,979,979,5,28,,1.0,28.0
annotate_deboutte_phage_72,980,980,8,,,0.0,
annotate_deboutte_phage_73,981,981,13,241,,1.0,241.0
annotate_deboutte_phage_74,982,982,7,,,0.0,
annotate_deboutte_phage_75,983,983,10,,,0.0,
annotate_deboutte_phage_76,984,984,16,174,,1.0,174.0
annotate_deboutte_phage_77,985,985,7,,,0.0,
annotate_deboutte_phage_78,986,986,13,73,,1.0,73.0
annotate_deboutte_phage_79,987,987,10,,,0.0,
annotate_deboutte_phage_8,988,988,17,62,,1.0,62.0
annotate_deboutte_phage_80,989,989,16,,,0.0,
annotate_deboutte_phage_81,990,990,29,172,,1.0,172.0
annotate_deboutte_phage_82,991,991,6,,,0.0,
annotate_deboutte_phage_83,992,992,10,,,0.0,
annotate_deboutte_phage_84,993,993,12,21,,1.0,21.0
annotate_deboutte_phage_85,994,994,8,,,0.0,
annotate_deboutte_phage_86,995,995,60,1,,1.0,1.0
annotate_deboutte_phage_87,996,996,13,,,0.0,
annotate_deboutte_phage_88,997,997,31,13,,1.0,13.0
annotate_deboutte_phage_89,998,998,52,132,,1.0,132.0
annotate_deboutte_phage_9,999,999,13,145,,1.0,145.0
annotate_deboutte_phage_90,1000,1000,28,,,0.0,
annotate_deboutte_phage_91,1001,1001,23,178,,1.0,178.0
annotate_deboutte_phage_92,1002,1002,29,,22;30,0.0,
annotate_deboutte_phage_93,1003,1003,17,171,,1.0,171.0
annotate_deboutte_phage_94,1004,1004,14,85,,1.0,85.0
annotate_deboutte_phage_95,1005,1005,7,85,,1.0,85.0
annotate_deboutte_phage_96,1006,1006,16,,,0.0,
annotate_deboutte_phage_97,1007,1007,16,,,0.0,
annotate_deboutte_phage_98,1008,1008,8,,,0.0,
annotate_deboutte_phage_99,1009,1009,16,,,0.0,
annotate_rosso_phage_0,1010,1010,23,95,,1.0,95.0
annotate_rosso_phage_1,1011,1011,23,95,,1.0,95.0
annotate_rosso_phage_10,1012,1012,17,243,,1.0,243.0
annotate_rosso_phage_100,1013,1013,16,64,,1.0,64.0
annotate_rosso_phage_101,1014,1014,10,,80;81,0.0,
annotate_rosso_phage_102,1015,1015,17,,80;81,0.0,
annotate_rosso_phage_103,1016,1016,22,98,,1.0,98.0
annotate_rosso_phage_104,1017,1017,6,101,,1.0,101.0
annotate_rosso_phage_105,1018,1018,13,102,,1.0,102.0
annotate_rosso_phage_106,1019,1019,18,102,,1.0,102.0
annotate_rosso_phage_107,1020,1020,56,,238;239,0.0,
annotate_rosso_phage_108,1021,1021,13,230,,1.0,230.0
annotate_rosso_phage_109,1022,1022,20,230,,1.0,230.0
annotate_rosso_phage_11,1023,1023,23,244,,1.0,244.0
annotate_rosso_phage_110,1024,1024,19,230,,1.0,230.0
annotate_rosso_phage_111,1025,1025,80,170,,1.0,170.0
annotate_rosso_phage_112,1026,1026,91,181,,1.0,181.0
annotate_rosso_phage_113,1027,1027,15,245,,1.0,245.0
annotate_rosso_phage_114,1028,1028,9,245,,1.0,245.0
annotate_rosso_phage_115,1029,1029,9,241,,1.0,241.0
annotate_rosso_phage_116,1030,1030,13,246,,1.0,246.0
annotate_rosso_phage_117,1031,1031,15,246,,1.0,246.0
annotate_rosso_phage_118,1032,1032,17,246,,1.0,246.0
annotate_rosso_phage_119,1033,1033,12,,,0.0,
annotate_rosso_phage_12,1034,1034,66,172,,1.0,172.0
annotate_rosso_phage_120,1035,1035,68,187,,1.0,187.0
annotate_rosso_phage_121,1036,1036,22,95,,1.0,95.0
annotate_rosso_phage_122,1037,1037,23,95,,1.0,95.0
annotate_rosso_phage_123,1038,1038,23,178,,1.0,178.0
annotate_rosso_phage_124,1039,1039,16,95,,1.0,95.0
annotate_rosso_phage_125,1040,1040,25,178,,1.0,178.0
annotate_rosso_phage_126,1041,1041,10,95,,1.0,95.0
annotate_rosso_phage_127,1042,1042,15,178,,1.0,178.0
annotate_rosso_phage_128,1043,1043,26,178,,1.0,178.0
annotate_rosso_phage_129,1044,1044,21,178,,1.0,178.0
annotate_rosso_phage_13,1045,1045,8,,,0.0,
annotate_rosso_phage_130,1046,1046,14,95,,1.0,95.0
annotate_rosso_phage_131,1047,1047,14,178,,1.0,178.0
annotate_rosso_phage_132,1048,1048,14,95,,1.0,95.0
annotate_rosso_phage_133,1049,1049,21,95,,1.0,95.0
annotate_rosso_phage_134,1050,1050,12,,,0.0,
annotate_rosso_phage_135,1051,1051,18,95,,1.0,95.0
annotate_rosso_phage_136,1052,1052,26,178,,1.0,178.0
annotate_rosso_phage_137,1053,1053,25,178,,1.0,178.0
annotate_rosso_phage_138,1054,1054,20,95,,1.0,95.0
annotate_rosso_phage_139,1055,1055,16,180,,1.0,180.0
annotate_rosso_phage_14,1056,1056,14,,,0.0,
annotate_rosso_phage_140,1057,1057,21,178,,1.0,178.0
annotate_rosso_phage_141,1058,1058,22,95,,1.0,95.0
annotate_rosso_phage_142,1059,1059,9,180,,1.0,180.0
annotate_rosso_phage_143,1060,1060,11,,179;180,0.0,
annotate_rosso_phage_144,1061,1061,14,178,,1.0,178.0
annotate_rosso_phage_145,1062,1062,8,,,0.0,
annotate_rosso_phage_146,1063,1063,7,,,0.0,
annotate_rosso_phage_147,1064,1064,28,35,,1.0,35.0
annotate_rosso_phage_148,1065,1065,12,142,,1.0,142.0
annotate_rosso_phage_149,1066,1066,12,142,,1.0,142.0
annotate_rosso_phage_15,1067,1067,17,,,0.0,
annotate_rosso_phage_150,1068,1068,12,,,0.0,
annotate_rosso_phage_151,1069,1069,9,123,,1.0,123.0
annotate_rosso_phage_152,1070,1070,14,,,0.0,
annotate_rosso_phage_153,1071,1071,44,122,,1.0,122.0
annotate_rosso_phage_154,1072,1072,77,65,,1.0,65.0
annotate_rosso_phage_155,1073,1073,15,69,,1.0,69.0
annotate_rosso_phage_156,1074,1074,24,85,,1.0,85.0
annotate_rosso_phage_157,1075,1075,48,,,0.0,
annotate_rosso_phage_158,1076,1076,15,,,0.0,
annotate_rosso_phage_159,1077,1077,10,,,0.0,
annotate_rosso_phage_16,1078,1078,33,18,,1.0,18.0
annotate_rosso_phage_160,1079,1079,10,,,0.0,
annotate_rosso_phage_161,1080,1080,38,51,,1.0,51.0
annotate_rosso_phage_162,1081,1081,33,55,,1.0,55.0
annotate_rosso_phage_163,1082,1082,15,126,,1.0,126.0
annotate_rosso_phage_164,1083,1083,9,226,,1.0,226.0
annotate_rosso_phage_165,1084,1084,13,42,,1.0,42.0
annotate_rosso_phage_166,1085,1085,13,,,0.0,
annotate_rosso_phage_167,1086,1086,50,79,,1.0,79.0
annotate_rosso_phage_168,1087,1087,13,,87;90;165,0.0,
annotate_rosso_phage_169,1088,1088,8,234,,1.0,234.0
annotate_rosso_phage_17,1089,1089,12,,,0.0,
annotate_rosso_phage_170,1090,1090,8,,,0.0,
annotate_rosso_phage_171,1091,1091,9,88,,1.0,88.0
annotate_rosso_phage_172,1092,1092,10,,,0.0,
annotate_rosso_phage_173,1093,1093,13,,,0.0,
annotate_rosso_phage_174,1094,1094,8,,,0.0,
annotate_rosso_phage_175,1095,1095,16,,176;240,0.0,
annotate_rosso_phage_176,1096,1096,15,226,,1.0,226.0
annotate_rosso_phage_177,1097,1097,7,,,0.0,
annotate_rosso_phage_178,1098,1098,11,10,,1.0,10.0
annotate_rosso_phage_179,1099,1099,11,,87;89,0.0,
annotate_rosso_phage_18,1100,1100,20,,,0.0,
annotate_rosso_phage_180,1101,1101,5,,,0.0,
annotate_rosso_phage_181,1102,1102,16,,,0.0,
annotate_rosso_phage_182,1103,1103,27,,,0.0,
annotate_rosso_phage_183,1104,1104,14,,,0.0,
annotate_rosso_phage_184,1105,1105,19,31,,1.0,31.0
annotate_rosso_phage_185,1106,1106,18,,,0.0,
annotate_rosso_phage_186,1107,1107,12,,113;114,0.0,
annotate_rosso_phage_187,1108,1108,18,,23;30;219,0.0,
annotate_rosso_phage_188,1109,1109,27,,175;176,0.0,
annotate_rosso_phage_189,1110,1110,6,91,,1.0,91.0
annotate_rosso_phage_19,1111,1111,15,,,0.0,
annotate_rosso_phage_190,1112,1112,10,152,,1.0,152.0
annotate_rosso_phage_191,1113,1113,25,,,0.0,
annotate_rosso_phage_192,1114,1114,7,,,0.0,
annotate_rosso_phage_193,1115,1115,14,,,0.0,
annotate_rosso_phage_194,1116,1116,11,,,0.0,
annotate_rosso_phage_195,1117,1117,58,,,0.0,
annotate_rosso_phage_196,1118,1118,11,,,0.0,
annotate_rosso_phage_197,1119,1119,13,,,0.0,
annotate_rosso_phage_2,1120,1120,24,95,,1.0,95.0
annotate_rosso_phage_20,1121,1121,14,,,0.0,
annotate_rosso_phage_21,1122,1122,13,39,,1.0,39.0
annotate_rosso_phage_22,1123,1123,16,,,0.0,
annotate_rosso_phage_23,1124,1124,25,,,0.0,
annotate_rosso_phage_24,1125,1125,58,22,,1.0,22.0
annotate_rosso_phage_25,1126,1126,19,,,0.0,
annotate_rosso_phage_26,1127,1127,9,248,,1.0,248.0
annotate_rosso_phage_27,1128,1128,5,248,,1.0,248.0
annotate_rosso_phage_28,1129,1129,33,40,,1.0,40.0
annotate_rosso_phage_29,1130,1130,75,1,,1.0,1.0
annotate_rosso_phage_3,1131,1131,62,,173;197,0.0,
annotate_rosso_phage_30,1132,1132,12,,,0.0,
annotate_rosso_phage_31,1133,1133,34,109,,1.0,109.0
annotate_rosso_phage_32,1134,1134,33,153,,1.0,153.0
annotate_rosso_phage_33,1135,1135,20,108,,1.0,108.0
annotate_rosso_phage_34,1136,1136,18,108,,1.0,108.0
annotate_rosso_phage_35,1137,1137,16,138,,1.0,138.0
annotate_rosso_phage_36,1138,1138,51,13,,1.0,13.0
annotate_rosso_phage_37,1139,1139,24,13,,1.0,13.0
annotate_rosso_phage_38,1140,1140,30,,37;45;46,0.0,
annotate_rosso_phage_39,1141,1141,78,,37;45;46;49,0.0,
annotate_rosso_phage_4,1142,1142,67,134,,1.0,134.0
annotate_rosso_phage_40,1143,1143,66,73,,1.0,73.0
annotate_rosso_phage_41,1144,1144,19,27,,1.0,27.0
annotate_rosso_phage_42,1145,1145,15,27,,1.0,27.0
annotate_rosso_phage_43,1146,1146,18,27,,1.0,27.0
annotate_rosso_phage_44,1147,1147,20,27,,1.0,27.0
annotate_rosso_phage_45,1148,1148,18,27,,1.0,27.0
annotate_rosso_phage_46,1149,1149,23,106,,1.0,106.0
annotate_rosso_phage_47,1150,1150,13,27,,1.0,27.0
annotate_rosso_phage_48,1151,1151,20,27,,1.0,27.0
annotate_rosso_phage_49,1152,1152,22,106,,1.0,106.0
annotate_rosso_phage_5,1153,1153,42,33,,1.0,33.0
annotate_rosso_phage_50,1154,1154,10,27,,1.0,27.0
annotate_rosso_phage_51,1155,1155,9,,,0.0,
annotate_rosso_phage_52,1156,1156,17,,,0.0,
annotate_rosso_phage_53,1157,1157,21,,,0.0,
annotate_rosso_phage_54,1158,1158,12,,,0.0,
annotate_rosso_phage_55,1159,1159,42,194,,1.0,194.0
annotate_rosso_phage_56,1160,1160,47,194,,1.0,194.0
annotate_rosso_phage_57,1161,1161,42,194,,1.0,194.0
annotate_rosso_phage_58,1162,1162,38,26,,1.0,26.0
annotate_rosso_phage_59,1163,1163,12,,,0.0,
annotate_rosso_phage_6,1164,1164,46,33,,1.0,33.0
annotate_rosso_phage_60,1165,1165,52,26,,1.0,26.0
annotate_rosso_phage_61,1166,1166,24,33,,1.0,33.0
annotate_rosso_phage_62,1167,1167,11,,,0.0,
annotate_rosso_phage_63,1168,1168,22,33,,1.0,33.0
annotate_rosso_phage_64,1169,1169,42,33,,1.0,33.0
annotate_rosso_phage_65,1170,1170,27,33,,1.0,33.0
annotate_rosso_phage_66,1171,1171,14,,,0.0,
annotate_rosso_phage_67,1172,1172,10,,,0.0,
annotate_rosso_phage_68,1173,1173,18,33,,1.0,33.0
annotate_rosso_phage_69,1174,1174,47,26,,1.0,26.0
annotate_rosso_phage_7,1175,1175,23,95,,1.0,95.0
annotate_rosso_phage_70,1176,1176,16,,,0.0,
annotate_rosso_phage_71,1177,1177,19,32,,1.0,32.0
annotate_rosso_phage_72,1178,1178,12,32,,1.0,32.0
annotate_rosso_phage_73,1179,1179,16,32,,1.0,32.0
annotate_rosso_phage_74,1180,1180,14,247,,1.0,247.0
annotate_rosso_phage_75,1181,1181,14,247,,1.0,247.0
annotate_rosso_phage_76,1182,1182,9,,,0.0,
annotate_rosso_phage_77,1183,1183,11,184,,1.0,184.0
annotate_rosso_phage_78,1184,1184,16,184,,1.0,184.0
annotate_rosso_phage_79,1185,1185,11,184,,1.0,184.0
annotate_rosso_phage_8,1186,1186,11,,,0.0,
annotate_rosso_phage_80,1187,1187,20,184,,1.0,184.0
annotate_rosso_phage_81,1188,1188,9,,,0.0,
annotate_rosso_phage_82,1189,1189,11,,,0.0,
annotate_rosso_phage_83,1190,1190,16,184,,1.0,184.0
annotate_rosso_phage_84,1191,1191,17,184,,1.0,184.0
annotate_rosso_phage_85,1192,1192,17,184,,1.0,184.0
annotate_rosso_phage_86,1193,1193,15,184,,1.0,184.0
annotate_rosso_phage_87,1194,1194,18,184,,1.0,184.0
annotate_rosso_phage_88,1195,1195,20,184,,1.0,184.0
annotate_rosso_phage_89,1196,1196,20,184,,1.0,184.0
annotate_rosso_phage_9,1197,1197,23,6,,1.0,6.0
annotate_rosso_phage_90,1198,1198,24,184,,1.0,184.0
annotate_rosso_phage_91,1199,1199,19,184,,1.0,184.0
annotate_rosso_phage_92,1200,1200,19,184,,1.0,184.0
annotate_rosso_phage_93,1201,1201,18,184,,1.0,184.0
annotate_rosso_phage_94,1202,1202,16,149,,1.0,149.0
annotate_rosso_phage_95,1203,1203,10,149,,1.0,149.0
annotate_rosso_phage_96,1204,1204,25,149,,1.0,149.0
annotate_rosso_phage_97,1205,1205,18,,,0.0,
annotate_rosso_phage_98,1206,1206,56,173,,1.0,173.0
annotate_rosso_phage_99,1207,1207,11,64,,1.0,64.0
annotate_total_phage_0,1208,1208,67,172,,1.0,172.0
annotate_total_phage_1,1209,1209,72,,22;30;31,0.0,
annotate_total_phage_100,1210,1210,48,173,,1.0,173.0
annotate_total_phage_102,1211,1211,55,,21;37,0.0,
annotate_total_phage_104,1212,1212,55,161,,1.0,161.0
annotate_total_phage_105,1213,1213,45,40,,1.0,40.0
annotate_total_phage_106,1214,1214,47,9,,1.0,9.0
annotate_total_phage_11,1215,1215,31,18,,1.0,18.0
annotate_total_phage_111,1216,1216,129,38,,1.0,38.0
annotate_total_phage_112,1217,1217,85,181,,1.0,181.0
annotate_total_phage_113,1218,1218,71,22,,1.0,22.0
annotate_total_phage_114,1219,1219,63,18,,1.0,18.0
annotate_total_phage_115,1220,1220,55,173,,1.0,173.0
annotate_total_phage_116,1221,1221,58,173,,1.0,173.0
annotate_total_phage_117,1222,1222,43,18,,1.0,18.0
annotate_total_phage_118,1223,1223,45,,173;197,0.0,
annotate_total_phage_12,1224,1224,27,18,,1.0,18.0
annotate_total_phage_121,1225,1225,31,18,,1.0,18.0
annotate_total_phage_122,1226,1226,29,18,,1.0,18.0
annotate_total_phage_123,1227,1227,27,18,,1.0,18.0
annotate_total_phage_125,1228,1228,24,130,,1.0,130.0
annotate_total_phage_172,1229,1229,47,109,,1.0,109.0
annotate_total_phage_174,1230,1230,20,149,,1.0,149.0
annotate_total_phage_175,1231,1231,55,35,,1.0,35.0
annotate_total_phage_176,1232,1232,15,110,,1.0,110.0
annotate_total_phage_178,1233,1233,41,173,,1.0,173.0
annotate_total_phage_179,1234,1234,48,74,,1.0,74.0
annotate_total_phage_18,1235,1235,22,27,,1.0,27.0
annotate_total_phage_187,1236,1236,60,73,,1.0,73.0
annotate_total_phage_188,1237,1237,64,18,,1.0,18.0
annotate_total_phage_189,1238,1238,54,,22;24,0.0,
annotate_total_phage_2,1239,1239,55,1,,1.0,1.0
annotate_total_phage_231,1240,1240,130,249,,1.0,249.0
annotate_total_phage_232,1241,1241,72,250,,1.0,250.0
annotate_total_phage_233,1242,1242,113,37,,1.0,37.0
annotate_total_phage_237,1243,1243,25,130,,1.0,130.0
annotate_total_phage_239,1244,1244,37,34,,1.0,34.0
annotate_total_phage_240,1245,1245,41,,173;197,0.0,
annotate_total_phage_242,1246,1246,57,,22;23;30,0.0,
annotate_total_phage_243,1247,1247,36,130,,1.0,130.0
annotate_total_phage_244,1248,1248,54,,21;37,0.0,
annotate_total_phage_245,1249,1249,44,17,,1.0,17.0
annotate_total_phage_246,1250,1250,39,13,,1.0,13.0
annotate_total_phage_247,1251,1251,34,,38;98,0.0,
annotate_total_phage_248,1252,1252,33,18,,1.0,18.0
annotate_total_phage_249,1253,1253,21,18,,1.0,18.0
annotate_total_phage_252,1254,1254,23,130,,1.0,130.0
annotate_total_phage_254,1255,1255,18,27,,1.0,27.0
annotate_total_phage_293,1256,1256,59,18,,1.0,18.0
annotate_total_phage_294,1257,1257,73,,21;37,0.0,
annotate_total_phage_296,1258,1258,27,130,,1.0,130.0
annotate_total_phage_297,1259,1259,55,,,0.0,
annotate_total_phage_298,1260,1260,62,,173;197,0.0,
annotate_total_phage_299,1261,1261,52,73,,1.0,73.0
annotate_total_phage_3,1262,1262,48,108,,1.0,108.0
annotate_total_phage_303,1263,1263,58,,173;197,0.0,
annotate_total_phage_304,1264,1264,42,,130;131,0.0,
annotate_total_phage_305,1265,1265,43,18,,1.0,18.0
annotate_total_phage_306,1266,1266,44,109,,1.0,109.0
annotate_total_phage_307,1267,1267,37,,37;45;46,0.0,
annotate_total_phage_308,1268,1268,38,21,,1.0,21.0
annotate_total_phage_357,1269,1269,31,92,,1.0,92.0
annotate_total_phage_358,1270,1270,62,,,0.0,
annotate_total_phage_360,1271,1271,54,17,,1.0,17.0
annotate_total_phage_361,1272,1272,47,,21;37;52,0.0,
annotate_total_phage_362,1273,1273,82,,21;37,0.0,
annotate_total_phage_363,1274,1274,36,35,,1.0,35.0
annotate_total_phage_364,1275,1275,36,130,,1.0,130.0
annotate_total_phage_366,1276,1276,28,,28;73,0.0,
annotate_total_phage_368,1277,1277,59,18,,1.0,18.0
annotate_total_phage_369,1278,1278,48,173,,1.0,173.0
annotate_total_phage_370,1279,1279,36,,,0.0,
annotate_total_phage_371,1280,1280,31,17,,1.0,17.0
annotate_total_phage_4,1281,1281,57,18,,1.0,18.0
annotate_total_phage_413,1282,1282,195,7,,1.0,7.0
annotate_total_phage_414,1283,1283,78,38,,1.0,38.0
annotate_total_phage_415,1284,1284,70,18,,1.0,18.0
annotate_total_phage_416,1285,1285,56,13,,1.0,13.0
annotate_total_phage_417,1286,1286,51,,21;37,0.0,
annotate_total_phage_418,1287,1287,44,74,,1.0,74.0
annotate_total_phage_437,1288,1288,45,55,,1.0,55.0
annotate_total_phage_443,1289,1289,18,110,,1.0,110.0
annotate_total_phage_445,1290,1290,55,92,,1.0,92.0
annotate_total_phage_446,1291,1291,30,34,,1.0,34.0
annotate_total_phage_449,1292,1292,23,130,,1.0,130.0
annotate_total_phage_451,1293,1293,31,130,,1.0,130.0
annotate_total_phage_453,1294,1294,30,13,,1.0,13.0
annotate_total_phage_454,1295,1295,29,13,,1.0,13.0
annotate_total_phage_462,1296,1296,9,251,,1.0,251.0
annotate_total_phage_471,1297,1297,7,253,,1.0,253.0
annotate_total_phage_478,1298,1298,50,,238;239,0.0,
annotate_total_phage_479,1299,1299,64,38,,1.0,38.0
annotate_total_phage_483,1300,1300,33,13,,1.0,13.0
annotate_total_phage_487,1301,1301,13,106,,1.0,106.0
annotate_total_phage_488,1302,1302,11,251,,1.0,251.0
annotate_total_phage_497,1303,1303,58,,238;239,0.0,
annotate_total_phage_5,1304,1304,44,79,,1.0,79.0
annotate_total_phage_500,1305,1305,105,7,,1.0,7.0
annotate_total_phage_501,1306,1306,26,13,,1.0,13.0
annotate_total_phage_512,1307,1307,7,253,,1.0,253.0
annotate_total_phage_517,1308,1308,8,144,,1.0,144.0
annotate_total_phage_518,1309,1309,63,,22;24,0.0,
annotate_total_phage_520,1310,1310,23,67,,1.0,67.0
annotate_total_phage_524,1311,1311,73,38,,1.0,38.0
annotate_total_phage_525,1312,1312,47,13,,1.0,13.0
annotate_total_phage_526,1313,1313,31,,21;37,0.0,
annotate_total_phage_600,1314,1314,28,67,,1.0,67.0
annotate_total_phage_604,1315,1315,70,13,,1.0,13.0
annotate_total_phage_605,1316,1316,41,,21;37,0.0,
annotate_total_phage_609,1317,1317,6,253,,1.0,253.0
annotate_total_phage_611,1318,1318,11,234,,1.0,234.0
annotate_total_phage_616,1319,1319,6,,,0.0,
annotate_total_phage_636,1320,1320,50,,23;30;219,0.0,
annotate_total_phage_637,1321,1321,50,75,,1.0,75.0
annotate_total_phage_638,1322,1322,25,,,0.0,
annotate_total_phage_639,1323,1323,24,60,,1.0,60.0
annotate_total_phage_644,1324,1324,21,106,,1.0,106.0
annotate_total_phage_650,1325,1325,7,252,,1.0,252.0
annotate_total_phage_653,1326,1326,68,13,,1.0,13.0
annotate_total_phage_655,1327,1327,38,67,,1.0,67.0
annotate_total_phage_658,1328,1328,73,19,,1.0,19.0
annotate_total_phage_663,1329,1329,56,75,,1.0,75.0
annotate_total_phage_664,1330,1330,32,,21;37,0.0,
annotate_total_phage_666,1331,1331,21,60,,1.0,60.0
annotate_total_phage_692,1332,1332,62,19,,1.0,19.0
annotate_total_phage_694,1333,1333,27,92,,1.0,92.0
annotate_total_phage_696,1334,1334,22,67,,1.0,67.0
annotate_total_phage_697,1335,1335,47,,238;239,0.0,
annotate_total_phage_711,1336,1336,8,252,,1.0,252.0
annotate_total_phage_713,1337,1337,8,,,0.0,
annotate_total_phage_715,1338,1338,6,,,0.0,
annotate_total_phage_725,1339,1339,58,13,,1.0,13.0
annotate_total_phage_727,1340,1340,44,,22;24,0.0,
annotate_total_phage_729,1341,1341,173,250,,1.0,250.0
annotate_total_phage_730,1342,1342,195,7,,1.0,7.0
annotate_total_phage_731,1343,1343,144,,87;90,0.0,
annotate_total_phage_733,1344,1344,64,,22;24,0.0,
annotate_total_phage_734,1345,1345,63,38,,1.0,38.0
annotate_total_phage_735,1346,1346,59,38,,1.0,38.0
annotate_total_phage_737,1347,1347,60,18,,1.0,18.0
annotate_total_phage_738,1348,1348,47,18,,1.0,18.0
annotate_total_phage_739,1349,1349,41,18,,1.0,18.0
annotate_total_phage_743,1350,1350,22,106,,1.0,106.0
annotate_total_phage_745,1351,1351,24,130,,1.0,130.0
annotate_total_phage_782,1352,1352,34,57,,1.0,57.0
annotate_total_phage_783,1353,1353,46,130,,1.0,130.0
annotate_total_phage_785,1354,1354,18,110,,1.0,110.0
annotate_total_phage_786,1355,1355,65,56,,1.0,56.0
annotate_total_phage_787,1356,1356,30,92,,1.0,92.0
annotate_total_phage_788,1357,1357,56,74,,1.0,74.0
annotate_total_phage_789,1358,1358,30,173,,1.0,173.0
annotate_total_phage_790,1359,1359,109,,,0.0,
annotate_total_phage_791,1360,1360,49,,21;37;52,0.0,
annotate_total_phage_793,1361,1361,71,35,,1.0,35.0
annotate_total_phage_794,1362,1362,52,,22;23;30,0.0,
annotate_total_phage_795,1363,1363,59,22,,1.0,22.0
annotate_total_phage_796,1364,1364,56,18,,1.0,18.0
annotate_total_phage_797,1365,1365,47,17,,1.0,17.0
annotate_total_phage_798,1366,1366,47,18,,1.0,18.0
annotate_total_phage_799,1367,1367,46,,38;98,0.0,
annotate_total_phage_8,1368,1368,42,68,,1.0,68.0
annotate_total_phage_800,1369,1369,50,18,,1.0,18.0
annotate_total_phage_803,1370,1370,40,130,,1.0,130.0
annotate_total_phage_804,1371,1371,38,,37;45;46,0.0,
annotate_total_phage_806,1372,1372,36,35,,1.0,35.0
annotate_total_phage_807,1373,1373,40,130,,1.0,130.0
annotate_total_phage_808,1374,1374,26,230,,1.0,230.0
annotate_total_phage_809,1375,1375,23,149,,1.0,149.0
annotate_total_phage_820,1376,1376,15,,,0.0,
annotate_total_phage_9,1377,1377,45,35,,1.0,35.0
annotate_total_phage_92,1378,1378,155,249,,1.0,249.0
annotate_total_phage_925,1379,1379,63,40,,1.0,40.0
annotate_total_phage_926,1380,1380,99,,,0.0,
annotate_total_phage_927,1381,1381,244,254,,1.0,254.0
annotate_total_phage_929,1382,1382,24,63,,1.0,63.0
annotate_total_phage_930,1383,1383,28,57,,1.0,57.0
annotate_total_phage_934,1384,1384,48,109,,1.0,109.0
annotate_total_phage_935,1385,1385,26,130,,1.0,130.0
annotate_total_phage_95,1386,1386,114,254,,1.0,254.0
annotate_total_phage_98,1387,1387,42,57,,1.0,57.0
annotate_total_phage_99,1388,1388,30,57,,1.0,57.0
annotate_virome_phage_1,1389,1389,215,176,,1.0,176.0
annotate_virome_phage_10,1390,1390,146,7,,1.0,7.0
annotate_virome_phage_1004,1391,1391,18,27,,1.0,27.0
annotate_virome_phage_1006,1392,1392,18,27,,1.0,27.0
annotate_virome_phage_101,1393,1393,34,104,,1.0,104.0
annotate_virome_phage_1032,1394,1394,15,178,,1.0,178.0
annotate_virome_phage_1033,1395,1395,17,27,,1.0,27.0
annotate_virome_phage_104,1396,1396,38,33,,1.0,33.0
annotate_virome_phage_1061,1397,1397,17,180,,1.0,180.0
annotate_virome_phage_1063,1398,1398,21,,,0.0,
annotate_virome_phage_107,1399,1399,41,,173;230,0.0,
annotate_virome_phage_1077,1400,1400,14,95,,1.0,95.0
annotate_virome_phage_1082,1401,1401,15,222,,1.0,222.0
annotate_virome_phage_109,1402,1402,50,225,,1.0,225.0
annotate_virome_phage_1092,1403,1403,14,217,,1.0,217.0
annotate_virome_phage_11,1404,1404,155,70,,1.0,70.0
annotate_virome_phage_110,1405,1405,43,26,,1.0,26.0
annotate_virome_phage_1109,1406,1406,16,217,,1.0,217.0
annotate_virome_phage_1117,1407,1407,16,217,,1.0,217.0
annotate_virome_phage_112,1408,1408,30,197,,1.0,197.0
annotate_virome_phage_1131,1409,1409,15,217,,1.0,217.0
annotate_virome_phage_1142,1410,1410,13,217,,1.0,217.0
annotate_virome_phage_115,1411,1411,34,13,,1.0,13.0
annotate_virome_phage_1154,1412,1412,12,178,,1.0,178.0
annotate_virome_phage_1155,1413,1413,17,235,,1.0,235.0
annotate_virome_phage_116,1414,1414,34,13,,1.0,13.0
annotate_virome_phage_117,1415,1415,24,85,,1.0,85.0
annotate_virome_phage_118,1416,1416,46,132,,1.0,132.0
annotate_virome_phage_119,1417,1417,31,138,,1.0,138.0
annotate_virome_phage_1199,1418,1418,12,,,0.0,
annotate_virome_phage_12,1419,1419,207,,,0.0,
annotate_virome_phage_120,1420,1420,27,,,0.0,
annotate_virome_phage_1217,1421,1421,13,235,,1.0,235.0
annotate_virome_phage_123,1422,1422,30,138,,1.0,138.0
annotate_virome_phage_1236,1423,1423,10,235,,1.0,235.0
annotate_virome_phage_124,1424,1424,48,,173;197,0.0,
annotate_virome_phage_127,1425,1425,33,37,,1.0,37.0
annotate_virome_phage_1279,1426,1426,13,217,,1.0,217.0
annotate_virome_phage_1286,1427,1427,10,235,,1.0,235.0
annotate_virome_phage_14,1428,1428,149,,,0.0,
annotate_virome_phage_1411,1429,1429,9,217,,1.0,217.0
annotate_virome_phage_142,1430,1430,22,60,,1.0,60.0
annotate_virome_phage_144,1431,1431,22,38,,1.0,38.0
annotate_virome_phage_1446,1432,1432,7,235,,1.0,235.0
annotate_virome_phage_145,1433,1433,17,243,,1.0,243.0
annotate_virome_phage_1467,1434,1434,9,235,,1.0,235.0
annotate_virome_phage_15,1435,1435,184,212,,1.0,212.0
annotate_virome_phage_1507,1436,1436,8,,,0.0,
annotate_virome_phage_151,1437,1437,27,178,,1.0,178.0
annotate_virome_phage_152,1438,1438,21,184,,1.0,184.0
annotate_virome_phage_153,1439,1439,19,184,,1.0,184.0
annotate_virome_phage_154,1440,1440,26,178,,1.0,178.0
annotate_virome_phage_1541,1441,1441,10,217,,1.0,217.0
annotate_virome_phage_155,1442,1442,19,184,,1.0,184.0
annotate_virome_phage_1565,1443,1443,8,235,,1.0,235.0
annotate_virome_phage_158,1444,1444,25,,178;180,0.0,
annotate_virome_phage_16,1445,1445,149,,,0.0,
annotate_virome_phage_160,1446,1446,25,178,,1.0,178.0
annotate_virome_phage_164,1447,1447,23,178,,1.0,178.0
annotate_virome_phage_1668,1448,1448,9,217,,1.0,217.0
annotate_virome_phage_1675,1449,1449,9,217,,1.0,217.0
annotate_virome_phage_17,1450,1450,106,,,0.0,
annotate_virome_phage_172,1451,1451,23,,,0.0,
annotate_virome_phage_176,1452,1452,22,146,,1.0,146.0
annotate_virome_phage_177,1453,1453,20,222,,1.0,222.0
annotate_virome_phage_1770,1454,1454,8,257,,1.0,257.0
annotate_virome_phage_1784,1455,1455,6,235,,1.0,235.0
annotate_virome_phage_18,1456,1456,85,93,,1.0,93.0
annotate_virome_phage_181,1457,1457,21,27,,1.0,27.0
annotate_virome_phage_1813,1458,1458,8,257,,1.0,257.0
annotate_virome_phage_183,1459,1459,20,27,,1.0,27.0
annotate_virome_phage_1849,1460,1460,11,,,0.0,
annotate_virome_phage_1873,1461,1461,7,235,,1.0,235.0
annotate_virome_phage_189,1462,1462,19,27,,1.0,27.0
annotate_virome_phage_19,1463,1463,103,153,,1.0,153.0
annotate_virome_phage_191,1464,1464,19,27,,1.0,27.0
annotate_virome_phage_193,1465,1465,21,32,,1.0,32.0
annotate_virome_phage_196,1466,1466,21,33,,1.0,33.0
annotate_virome_phage_2,1467,1467,247,,,0.0,
annotate_virome_phage_201,1468,1468,19,106,,1.0,106.0
annotate_virome_phage_202,1469,1469,17,149,,1.0,149.0
annotate_virome_phage_21,1470,1470,97,65,,1.0,65.0
annotate_virome_phage_219,1471,1471,18,149,,1.0,149.0
annotate_virome_phage_22,1472,1472,82,117,,1.0,117.0
annotate_virome_phage_2235,1473,1473,40,153,,1.0,153.0
annotate_virome_phage_2237,1474,1474,21,106,,1.0,106.0
annotate_virome_phage_2238,1475,1475,94,7,,1.0,7.0
annotate_virome_phage_2239,1476,1476,45,13,,1.0,13.0
annotate_virome_phage_2243,1477,1477,21,106,,1.0,106.0
annotate_virome_phage_2254,1478,1478,168,7,,1.0,7.0
annotate_virome_phage_2255,1479,1479,72,,,0.0,
annotate_virome_phage_2259,1480,1480,20,106,,1.0,106.0
annotate_virome_phage_2260,1481,1481,22,27,,1.0,27.0
annotate_virome_phage_2263,1482,1482,12,234,,1.0,234.0
annotate_virome_phage_2268,1483,1483,4,,,0.0,
annotate_virome_phage_2269,1484,1484,452,255,,1.0,255.0
annotate_virome_phage_2270,1485,1485,297,255,,1.0,255.0
annotate_virome_phage_2272,1486,1486,184,212,,1.0,212.0
annotate_virome_phage_2274,1487,1487,98,194,,1.0,194.0
annotate_virome_phage_2275,1488,1488,81,93,,1.0,93.0
annotate_virome_phage_2278,1489,1489,76,65,,1.0,65.0
annotate_virome_phage_2280,1490,1490,78,,117;174,0.0,
annotate_virome_phage_2281,1491,1491,100,73,,1.0,73.0
annotate_virome_phage_2282,1492,1492,92,258,,1.0,258.0
annotate_virome_phage_2285,1493,1493,66,70,,1.0,70.0
annotate_virome_phage_2286,1494,1494,73,54,,1.0,54.0
annotate_virome_phage_2288,1495,1495,69,34,,1.0,34.0
annotate_virome_phage_2290,1496,1496,75,,73;224,0.0,
annotate_virome_phage_2291,1497,1497,76,122,,1.0,122.0
annotate_virome_phage_2292,1498,1498,72,13,,1.0,13.0
annotate_virome_phage_2293,1499,1499,67,,,0.0,
annotate_virome_phage_2294,1500,1500,66,13,,1.0,13.0
annotate_virome_phage_2295,1501,1501,85,256,,1.0,256.0
annotate_virome_phage_2296,1502,1502,70,214,,1.0,214.0
annotate_virome_phage_2297,1503,1503,64,,37;45,0.0,
annotate_virome_phage_2298,1504,1504,65,38,,1.0,38.0
annotate_virome_phage_2299,1505,1505,66,35,,1.0,35.0
annotate_virome_phage_23,1506,1506,103,26,,1.0,26.0
annotate_virome_phage_2300,1507,1507,60,122,,1.0,122.0
annotate_virome_phage_2301,1508,1508,64,153,,1.0,153.0
annotate_virome_phage_2303,1509,1509,63,,37;45,0.0,
annotate_virome_phage_2304,1510,1510,60,60,,1.0,60.0
annotate_virome_phage_2305,1511,1511,57,55,,1.0,55.0
annotate_virome_phage_2306,1512,1512,53,134,,1.0,134.0
annotate_virome_phage_2308,1513,1513,56,73,,1.0,73.0
annotate_virome_phage_2310,1514,1514,53,38,,1.0,38.0
annotate_virome_phage_2312,1515,1515,62,,49;50,0.0,
annotate_virome_phage_2313,1516,1516,52,,,0.0,
annotate_virome_phage_2314,1517,1517,60,63,,1.0,63.0
annotate_virome_phage_2315,1518,1518,52,173,,1.0,173.0
annotate_virome_phage_2319,1519,1519,42,138,,1.0,138.0
annotate_virome_phage_2320,1520,1520,50,194,,1.0,194.0
annotate_virome_phage_2322,1521,1521,59,,,0.0,
annotate_virome_phage_2323,1522,1522,47,170,,1.0,170.0
annotate_virome_phage_2324,1523,1523,45,1,,1.0,1.0
annotate_virome_phage_2325,1524,1524,46,124,,1.0,124.0
annotate_virome_phage_2327,1525,1525,53,13,,1.0,13.0
annotate_virome_phage_2328,1526,1526,54,26,,1.0,26.0
annotate_virome_phage_2329,1527,1527,40,31,,1.0,31.0
annotate_virome_phage_2330,1528,1528,50,26,,1.0,26.0
annotate_virome_phage_2333,1529,1529,45,231,,1.0,231.0
annotate_virome_phage_2335,1530,1530,34,38,,1.0,38.0
annotate_virome_phage_2339,1531,1531,37,173,,1.0,173.0
annotate_virome_phage_2342,1532,1532,38,244,,1.0,244.0
annotate_virome_phage_2343,1533,1533,45,132,,1.0,132.0
annotate_virome_phage_2345,1534,1534,28,138,,1.0,138.0
annotate_virome_phage_2346,1535,1535,38,124,,1.0,124.0
annotate_virome_phage_2347,1536,1536,27,230,,1.0,230.0
annotate_virome_phage_235,1537,1537,15,95,,1.0,95.0
annotate_virome_phage_2350,1538,1538,34,239,,1.0,239.0
annotate_virome_phage_2353,1539,1539,33,,37;45;46,0.0,
annotate_virome_phage_2355,1540,1540,29,230,,1.0,230.0
annotate_virome_phage_2356,1541,1541,33,194,,1.0,194.0
annotate_virome_phage_2357,1542,1542,33,131,,1.0,131.0
annotate_virome_phage_2359,1543,1543,31,73,,1.0,73.0
annotate_virome_phage_2360,1544,1544,34,18,,1.0,18.0
annotate_virome_phage_2366,1545,1545,26,4,,1.0,4.0
annotate_virome_phage_2368,1546,1546,18,243,,1.0,243.0
annotate_virome_phage_2372,1547,1547,23,230,,1.0,230.0
annotate_virome_phage_2380,1548,1548,25,4,,1.0,4.0
annotate_virome_phage_2382,1549,1549,19,184,,1.0,184.0
annotate_virome_phage_2385,1550,1550,23,,,0.0,
annotate_virome_phage_2388,1551,1551,27,178,,1.0,178.0
annotate_virome_phage_2389,1552,1552,18,184,,1.0,184.0
annotate_virome_phage_239,1553,1553,13,226,,1.0,226.0
annotate_virome_phage_2398,1554,1554,25,178,,1.0,178.0
annotate_virome_phage_24,1555,1555,78,117,,1.0,117.0
annotate_virome_phage_2400,1556,1556,23,,178;180,0.0,
annotate_virome_phage_2401,1557,1557,23,95,,1.0,95.0
annotate_virome_phage_2402,1558,1558,18,184,,1.0,184.0
annotate_virome_phage_2403,1559,1559,23,178,,1.0,178.0
annotate_virome_phage_2407,1560,1560,22,226,,1.0,226.0
annotate_virome_phage_2409,1561,1561,17,246,,1.0,246.0
annotate_virome_phage_2411,1562,1562,23,146,,1.0,146.0
annotate_virome_phage_2424,1563,1563,18,226,,1.0,226.0
annotate_virome_phage_2465,1564,1564,18,217,,1.0,217.0
annotate_virome_phage_2496,1565,1565,13,234,,1.0,234.0
annotate_virome_phage_25,1566,1566,74,170,,1.0,170.0
annotate_virome_phage_2522,1567,1567,12,27,,1.0,27.0
annotate_virome_phage_2530,1568,1568,15,217,,1.0,217.0
annotate_virome_phage_2599,1569,1569,14,,,0.0,
annotate_virome_phage_26,1570,1570,102,,,0.0,
annotate_virome_phage_2624,1571,1571,8,235,,1.0,235.0
annotate_virome_phage_27,1572,1572,86,181,,1.0,181.0
annotate_virome_phage_271,1573,1573,14,235,,1.0,235.0
annotate_virome_phage_272,1574,1574,14,235,,1.0,235.0
annotate_virome_phage_275,1575,1575,14,235,,1.0,235.0
annotate_virome_phage_28,1576,1576,98,,,0.0,
annotate_virome_phage_280,1577,1577,13,234,,1.0,234.0
annotate_virome_phage_2912,1578,1578,53,116,,1.0,116.0
annotate_virome_phage_2913,1579,1579,48,116,,1.0,116.0
annotate_virome_phage_2914,1580,1580,36,4,,1.0,4.0
annotate_virome_phage_3,1581,1581,259,195,,1.0,195.0
annotate_virome_phage_303,1582,1582,11,,,0.0,
annotate_virome_phage_31,1583,1583,76,,,0.0,
annotate_virome_phage_318,1584,1584,10,226,,1.0,226.0
annotate_virome_phage_32,1585,1585,90,259,,1.0,259.0
annotate_virome_phage_33,1586,1586,82,,,0.0,
annotate_virome_phage_331,1587,1587,9,,,0.0,
annotate_virome_phage_34,1588,1588,81,258,,1.0,258.0
annotate_virome_phage_35,1589,1589,69,,73;224,0.0,
annotate_virome_phage_36,1590,1590,79,,37;45;46;49;50,0.0,
annotate_virome_phage_37,1591,1591,82,,83;185,0.0,
annotate_virome_phage_38,1592,1592,65,214,,1.0,214.0
annotate_virome_phage_39,1593,1593,65,1,,1.0,1.0
annotate_virome_phage_4,1594,1594,192,7,,1.0,7.0
annotate_virome_phage_41,1595,1595,72,73,,1.0,73.0
annotate_virome_phage_42,1596,1596,47,199,,1.0,199.0
annotate_virome_phage_43,1597,1597,67,54,,1.0,54.0
annotate_virome_phage_440,1598,1598,9,217,,1.0,217.0
annotate_virome_phage_45,1599,1599,70,83,,1.0,83.0
annotate_virome_phage_46,1600,1600,52,213,,1.0,213.0
annotate_virome_phage_47,1601,1601,66,73,,1.0,73.0
annotate_virome_phage_48,1602,1602,81,73,,1.0,73.0
annotate_virome_phage_49,1603,1603,84,73,,1.0,73.0
annotate_virome_phage_5,1604,1604,270,232,,1.0,232.0
annotate_virome_phage_50,1605,1605,75,,,0.0,
annotate_virome_phage_51,1606,1606,67,233,,1.0,233.0
annotate_virome_phage_52,1607,1607,71,153,,1.0,153.0
annotate_virome_phage_54,1608,1608,63,259,,1.0,259.0
annotate_virome_phage_55,1609,1609,59,139,,1.0,139.0
annotate_virome_phage_56,1610,1610,78,73,,1.0,73.0
annotate_virome_phage_57,1611,1611,63,153,,1.0,153.0
annotate_virome_phage_58,1612,1612,48,213,,1.0,213.0
annotate_virome_phage_59,1613,1613,64,,,0.0,
annotate_virome_phage_60,1614,1614,57,139,,1.0,139.0
annotate_virome_phage_61,1615,1615,53,,200;202,0.0,
annotate_virome_phage_62,1616,1616,69,,,0.0,
annotate_virome_phage_63,1617,1617,78,256,,1.0,256.0
annotate_virome_phage_64,1618,1618,54,134,,1.0,134.0
annotate_virome_phage_65,1619,1619,48,,23;30;219,0.0,
annotate_virome_phage_66,1620,1620,78,260,,1.0,260.0
annotate_virome_phage_67,1621,1621,56,,173;239,0.0,
annotate_virome_phage_68,1622,1622,55,54,,1.0,54.0
annotate_virome_phage_69,1623,1623,77,260,,1.0,260.0
annotate_virome_phage_7,1624,1624,186,195,,1.0,195.0
annotate_virome_phage_70,1625,1625,61,51,,1.0,51.0
annotate_virome_phage_71,1626,1626,59,126,,1.0,126.0
annotate_virome_phage_72,1627,1627,57,189,,1.0,189.0
annotate_virome_phage_73,1628,1628,60,229,,1.0,229.0
annotate_virome_phage_734,1629,1629,315,255,,1.0,255.0
annotate_virome_phage_735,1630,1630,298,,,0.0,
annotate_virome_phage_736,1631,1631,221,,,0.0,
annotate_virome_phage_738,1632,1632,189,7,,1.0,7.0
annotate_virome_phage_739,1633,1633,162,7,,1.0,7.0
annotate_virome_phage_740,1634,1634,141,65,,1.0,65.0
annotate_virome_phage_741,1635,1635,167,,,0.0,
annotate_virome_phage_742,1636,1636,103,,,0.0,
annotate_virome_phage_743,1637,1637,89,,,0.0,
annotate_virome_phage_744,1638,1638,160,,,0.0,
annotate_virome_phage_745,1639,1639,116,,,0.0,
annotate_virome_phage_746,1640,1640,78,263,,1.0,263.0
annotate_virome_phage_747,1641,1641,85,93,,1.0,93.0
annotate_virome_phage_748,1642,1642,104,263,,1.0,263.0
annotate_virome_phage_749,1643,1643,88,,,0.0,
annotate_virome_phage_75,1644,1644,54,191,,1.0,191.0
annotate_virome_phage_750,1645,1645,90,71,,1.0,71.0
annotate_virome_phage_751,1646,1646,108,,,0.0,
annotate_virome_phage_752,1647,1647,101,,,0.0,
annotate_virome_phage_753,1648,1648,86,177,,1.0,177.0
annotate_virome_phage_754,1649,1649,107,153,,1.0,153.0
annotate_virome_phage_755,1650,1650,81,65,,1.0,65.0
annotate_virome_phage_756,1651,1651,94,264,,1.0,264.0
annotate_virome_phage_758,1652,1652,69,117,,1.0,117.0
annotate_virome_phage_759,1653,1653,96,13,,1.0,13.0
annotate_virome_phage_76,1654,1654,63,193,,1.0,193.0
annotate_virome_phage_760,1655,1655,85,258,,1.0,258.0
annotate_virome_phage_761,1656,1656,70,188,,1.0,188.0
annotate_virome_phage_762,1657,1657,92,264,,1.0,264.0
annotate_virome_phage_764,1658,1658,58,206,,1.0,206.0
annotate_virome_phage_765,1659,1659,69,83,,1.0,83.0
annotate_virome_phage_766,1660,1660,87,204,,1.0,204.0
annotate_virome_phage_767,1661,1661,79,,,0.0,
annotate_virome_phage_768,1662,1662,48,,,0.0,
annotate_virome_phage_769,1663,1663,72,,73;224,0.0,
annotate_virome_phage_77,1664,1664,53,51,,1.0,51.0
annotate_virome_phage_770,1665,1665,71,78,,1.0,78.0
annotate_virome_phage_771,1666,1666,72,13,,1.0,13.0
annotate_virome_phage_772,1667,1667,77,73,,1.0,73.0
annotate_virome_phage_773,1668,1668,60,,,0.0,
annotate_virome_phage_774,1669,1669,61,,,0.0,
annotate_virome_phage_776,1670,1670,70,34,,1.0,34.0
annotate_virome_phage_778,1671,1671,65,13,,1.0,13.0
annotate_virome_phage_779,1672,1672,72,73,,1.0,73.0
annotate_virome_phage_78,1673,1673,55,191,,1.0,191.0
annotate_virome_phage_780,1674,1674,51,,,0.0,
annotate_virome_phage_781,1675,1675,65,83,,1.0,83.0
annotate_virome_phage_782,1676,1676,63,83,,1.0,83.0
annotate_virome_phage_783,1677,1677,55,206,,1.0,206.0
annotate_virome_phage_784,1678,1678,61,,,0.0,
annotate_virome_phage_785,1679,1679,60,38,,1.0,38.0
annotate_virome_phage_786,1680,1680,64,214,,1.0,214.0
annotate_virome_phage_787,1681,1681,59,259,,1.0,259.0
annotate_virome_phage_788,1682,1682,76,225,,1.0,225.0
annotate_virome_phage_789,1683,1683,55,,,0.0,
annotate_virome_phage_79,1684,1684,46,34,,1.0,34.0
annotate_virome_phage_790,1685,1685,45,117,,1.0,117.0
annotate_virome_phage_791,1686,1686,68,73,,1.0,73.0
annotate_virome_phage_792,1687,1687,68,35,,1.0,35.0
annotate_virome_phage_793,1688,1688,65,,,0.0,
annotate_virome_phage_794,1689,1689,62,188,,1.0,188.0
annotate_virome_phage_795,1690,1690,54,,,0.0,
annotate_virome_phage_796,1691,1691,71,73,,1.0,73.0
annotate_virome_phage_797,1692,1692,73,,,0.0,
annotate_virome_phage_798,1693,1693,61,22,,1.0,22.0
annotate_virome_phage_799,1694,1694,51,,,0.0,
annotate_virome_phage_8,1695,1695,160,,,0.0,
annotate_virome_phage_80,1696,1696,60,83,,1.0,83.0
annotate_virome_phage_800,1697,1697,60,18,,1.0,18.0
annotate_virome_phage_802,1698,1698,67,,,0.0,
annotate_virome_phage_803,1699,1699,64,153,,1.0,153.0
annotate_virome_phage_804,1700,1700,63,242,,1.0,242.0
annotate_virome_phage_806,1701,1701,68,,,0.0,
annotate_virome_phage_807,1702,1702,57,18,,1.0,18.0
annotate_virome_phage_808,1703,1703,57,189,,1.0,189.0
annotate_virome_phage_809,1704,1704,52,139,,1.0,139.0
annotate_virome_phage_81,1705,1705,53,194,,1.0,194.0
annotate_virome_phage_810,1706,1706,64,189,,1.0,189.0
annotate_virome_phage_811,1707,1707,68,73,,1.0,73.0
annotate_virome_phage_812,1708,1708,62,193,,1.0,193.0
annotate_virome_phage_813,1709,1709,54,,,0.0,
annotate_virome_phage_814,1710,1710,65,,,0.0,
annotate_virome_phage_815,1711,1711,49,38,,1.0,38.0
annotate_virome_phage_816,1712,1712,63,83,,1.0,83.0
annotate_virome_phage_817,1713,1713,71,,,0.0,
annotate_virome_phage_818,1714,1714,61,225,,1.0,225.0
annotate_virome_phage_819,1715,1715,54,194,,1.0,194.0
annotate_virome_phage_82,1716,1716,55,13,,1.0,13.0
annotate_virome_phage_820,1717,1717,57,,,0.0,
annotate_virome_phage_821,1718,1718,55,173,,1.0,173.0
annotate_virome_phage_822,1719,1719,52,194,,1.0,194.0
annotate_virome_phage_823,1720,1720,48,,,0.0,
annotate_virome_phage_824,1721,1721,68,,,0.0,
annotate_virome_phage_825,1722,1722,57,,,0.0,
annotate_virome_phage_826,1723,1723,49,142,,1.0,142.0
annotate_virome_phage_827,1724,1724,65,225,,1.0,225.0
annotate_virome_phage_828,1725,1725,52,38,,1.0,38.0
annotate_virome_phage_829,1726,1726,44,138,,1.0,138.0
annotate_virome_phage_83,1727,1727,56,40,,1.0,40.0
annotate_virome_phage_831,1728,1728,47,194,,1.0,194.0
annotate_virome_phage_832,1729,1729,62,193,,1.0,193.0
annotate_virome_phage_833,1730,1730,57,189,,1.0,189.0
annotate_virome_phage_834,1731,1731,59,262,,1.0,262.0
annotate_virome_phage_835,1732,1732,54,265,,1.0,265.0
annotate_virome_phage_837,1733,1733,37,138,,1.0,138.0
annotate_virome_phage_838,1734,1734,49,242,,1.0,242.0
annotate_virome_phage_839,1735,1735,46,38,,1.0,38.0
annotate_virome_phage_84,1736,1736,57,,173;239,0.0,
annotate_virome_phage_840,1737,1737,59,,,0.0,
annotate_virome_phage_841,1738,1738,60,,,0.0,
annotate_virome_phage_842,1739,1739,47,108,,1.0,108.0
annotate_virome_phage_843,1740,1740,51,192,,1.0,192.0
annotate_virome_phage_844,1741,1741,53,,,0.0,
annotate_virome_phage_845,1742,1742,46,83,,1.0,83.0
annotate_virome_phage_846,1743,1743,48,173,,1.0,173.0
annotate_virome_phage_847,1744,1744,52,121,,1.0,121.0
annotate_virome_phage_848,1745,1745,48,142,,1.0,142.0
annotate_virome_phage_849,1746,1746,47,139,,1.0,139.0
annotate_virome_phage_850,1747,1747,55,13,,1.0,13.0
annotate_virome_phage_851,1748,1748,47,231,,1.0,231.0
annotate_virome_phage_852,1749,1749,56,73,,1.0,73.0
annotate_virome_phage_854,1750,1750,45,177,,1.0,177.0
annotate_virome_phage_855,1751,1751,47,,,0.0,
annotate_virome_phage_856,1752,1752,49,,,0.0,
annotate_virome_phage_857,1753,1753,50,262,,1.0,262.0
annotate_virome_phage_858,1754,1754,55,,37;45,0.0,
annotate_virome_phage_859,1755,1755,54,,,0.0,
annotate_virome_phage_86,1756,1756,55,173,,1.0,173.0
annotate_virome_phage_860,1757,1757,42,121,,1.0,121.0
annotate_virome_phage_861,1758,1758,50,189,,1.0,189.0
annotate_virome_phage_862,1759,1759,43,33,,1.0,33.0
annotate_virome_phage_863,1760,1760,57,,,0.0,
annotate_virome_phage_864,1761,1761,43,,,0.0,
annotate_virome_phage_865,1762,1762,36,266,,1.0,266.0
annotate_virome_phage_866,1763,1763,33,,,0.0,
annotate_virome_phage_867,1764,1764,41,,,0.0,
annotate_virome_phage_868,1765,1765,43,206,,1.0,206.0
annotate_virome_phage_87,1766,1766,58,,,0.0,
annotate_virome_phage_870,1767,1767,58,204,,1.0,204.0
annotate_virome_phage_871,1768,1768,42,189,,1.0,189.0
annotate_virome_phage_875,1769,1769,27,231,,1.0,231.0
annotate_virome_phage_876,1770,1770,34,138,,1.0,138.0
annotate_virome_phage_878,1771,1771,35,266,,1.0,266.0
annotate_virome_phage_88,1772,1772,51,18,,1.0,18.0
annotate_virome_phage_881,1773,1773,42,265,,1.0,265.0
annotate_virome_phage_882,1774,1774,43,18,,1.0,18.0
annotate_virome_phage_884,1775,1775,30,13,,1.0,13.0
annotate_virome_phage_885,1776,1776,35,74,,1.0,74.0
annotate_virome_phage_890,1777,1777,30,,23;30;219,0.0,
annotate_virome_phage_891,1778,1778,29,,22;24,0.0,
annotate_virome_phage_893,1779,1779,41,173,,1.0,173.0
annotate_virome_phage_894,1780,1780,43,,,0.0,
annotate_virome_phage_895,1781,1781,35,187,,1.0,187.0
annotate_virome_phage_898,1782,1782,33,,,0.0,
annotate_virome_phage_899,1783,1783,34,83,,1.0,83.0
annotate_virome_phage_9,1784,1784,204,232,,1.0,232.0
annotate_virome_phage_900,1785,1785,32,33,,1.0,33.0
annotate_virome_phage_901,1786,1786,41,78,,1.0,78.0
annotate_virome_phage_902,1787,1787,30,4,,1.0,4.0
annotate_virome_phage_903,1788,1788,31,267,,1.0,267.0
annotate_virome_phage_904,1789,1789,47,78,,1.0,78.0
annotate_virome_phage_906,1790,1790,33,,,0.0,
annotate_virome_phage_908,1791,1791,32,,,0.0,
annotate_virome_phage_909,1792,1792,29,230,,1.0,230.0
annotate_virome_phage_91,1793,1793,44,,38;98,0.0,
annotate_virome_phage_911,1794,1794,26,193,,1.0,193.0
annotate_virome_phage_912,1795,1795,25,60,,1.0,60.0
annotate_virome_phage_913,1796,1796,28,54,,1.0,54.0
annotate_virome_phage_914,1797,1797,27,261,,1.0,261.0
annotate_virome_phage_915,1798,1798,37,173,,1.0,173.0
annotate_virome_phage_92,1799,1799,41,13,,1.0,13.0
annotate_virome_phage_925,1800,1800,24,261,,1.0,261.0
annotate_virome_phage_932,1801,1801,24,,,0.0,
annotate_virome_phage_935,1802,1802,27,18,,1.0,18.0
annotate_virome_phage_936,1803,1803,37,173,,1.0,173.0
annotate_virome_phage_939,1804,1804,40,,,0.0,
annotate_virome_phage_94,1805,1805,45,,,0.0,
annotate_virome_phage_949,1806,1806,26,178,,1.0,178.0
annotate_virome_phage_955,1807,1807,26,178,,1.0,178.0
annotate_virome_phage_96,1808,1808,42,73,,1.0,73.0
annotate_virome_phage_960,1809,1809,24,95,,1.0,95.0
annotate_virome_phage_963,1810,1810,24,,178;180,0.0,
annotate_virome_phage_97,1811,1811,42,33,,1.0,33.0
annotate_virome_phage_974,1812,1812,25,,,0.0,
annotate_virome_phage_979,1813,1813,23,267,,1.0,267.0
annotate_virome_phage_98,1814,1814,41,215,,1.0,215.0
annotate_virome_phage_993,1815,1815,22,27,,1.0,27.0
annotate_virome_phage_997,1816,1816,28,231,,1.0,231.0
